feature-name,not-null-count,example-1,example-2,example-3
حافظه Cache پردازنده,9,24 مگابایت,12 مگابایت,10 مگابایت
حافظه کش پردازنده,55,6 مگابایت,24 مگابایت,4 مگابایت
پردازنده مرکزي.حافظه Cache,1,"L3 – 8 MB, ,, 8 مگابايت",,
پردازنده مرکزی.حافظه Cache,8,12 مگابایت,۲۴ مگابایت,8 مگابایت
پردازنده مرکزی.حافظه کش,1,12MB,,
اندازه حافظه پردازنده گرافیکی,1,4 گیگابایت,,
حافظه اختصاصی پردازنده گرافیک,1,ندارد,,
حافظه اختصاصی پردازنده گرافیکی,224,بدون حافظه‌ی گرافیکی مجزا,Up to 2GB share 3.0,4GB GDDR6
حافظه پردازنده گرافیک,2,1.5 گیگابایت,6 گیگابایت,
حافظه پردازنده گرافیکی,57,4 گیگابایت,بدون حافظه گرافیکی مجزا,بدون حافظه گرافیکی مجزا
ظرفیت حافظه پردازنده گرافیکی,1,System Shared,,
نوع حافظه پردازنده گرافیکی,23,GDDR6,GDDR6,GDDR6
پردازنده گرافیکی.حافظه اختصاصی پردازنده گرافیکی,8,بدون حافظه گرافیکی مجزا,4 گیگابایت,2 گیگابایت
پردازنده گرافیکی.حافظه پردازنده گرافیکی,1,6 گیگابایت,,
پردازنده ی گرافیکی.حافظه اختصاصی پردازنده گرافیکی,1,2 گیگابایت,,
حافظه اختصاصي پردازنده گرافيکي,2,1 گیگابایت,6 گیگابایت,
حافظه اختصاصی پردازنده,114,4GB,بدون حافظه گرافیکی مجزا,8GB
پردازنده گرافيکي.حافظه اختصاصي پردازنده گرافيکي,1,"Shared GPU memory up To 4GB, ,, 4GB",,
درگاه حافظه,47,دارد,دارد,ندارد
درگاه حافظه SSD,42,PCIe® 3.0,PCIe® 3.0,PCIe® 3.0
درگاه کارت حافظه,2,microSD,دارد,
ظرفیت حافظه هارددیسک,1,128 گیگابایت,,
قابلیت اتصال کارت حافظه,5,از کارت حافظه پشتیبانی نمی کند,از کارت حافظه پشتیبانی نمی کند,از کارت حافظه پشتیبانی نمی کند
پورت کارت حافظه,3,دارد,دارد,دارد
بافر (حافظه کش),1,4 مگابایت,,
حافظه Cache,247,12 مگابایت,6 مگابایت,12 مگابایت
حافظه cache,5,9 مگابایت,8 مگابایت,16مگابایت
حافظه نهان (cache),1,8 مگابایت,,
حافظه کش,417,24MB,4MB,16MB
حافظه کش (Cache),10,12 مگابایت,24 مگابایت,24 مگابایت
حافظه کش (L3),21,10MB,24MB,24MB
حافظه کش - Cache,1,6 مگابايت,,
حافظه کش نهان,1,حافظه نهان سطح 3: 24 مگابایت,,
حافظه ی کش,37,L3 cache 36MB,L3 cache 24MB,L3 cache 36MB
ظرفیت حافظه Cache,1,30 مگابایت,,
مجموع حافظه Cache,56,20 مگابایت,12 مگابایت,8 مگابایت
مقدار حافظه cache,1,12 مگابایت,,
مقدار حافظه کش,4,8مگابایت,8مگابایت,6مگابایت
میزان حافظه کش L2,1,2M,,
میزان حافظه کش L3,2,24MB,4MB,
مدل، نوع و میزان حافظه گرافیک,2,"Integrated :, AMD Radeon™ Graphics, Discrete :, NVIDIA GeForce RTX 3060 Max-Q (6GB) GDDR6 Graphics Card, Total Graphics Power (TGP) 60W TGP, up to 80W w/ Dynamic Boost","آنبرد:, Intel® UHD Graphics for 11th Gen Intel® Processors, اختصاصی:, NVIDIA® GeForce RTX™ 3050 4GB GDDR6, NVIDIA® GeForce RTX™ 3050 Laptop GPU Up to 1500MHz Boost Clock, 60W Maximum Graphics Power.",
حافظه اختصاصی کارت گرافیک,12,"4 گیگابایت, ,",4 گیگابایت,6 گیگابایت
حافظه اختصاصی گرافیک,3,ندارد,ندارد,2 گیگابایت
حافظه اختصاصی گرافیکی,11,"4, گیگابایت",6 گیگابایت,2GB
حافظه گرافیک,68,4GB,6GB,6GB
حافظه گرافیک مجزا,25,4 گیگابایت,4 گیگابایت,2 گیگابایت
حافظه گرافیکی,9,GDDR6,Onboard,Onboard
حافظه گرافیکی اختصاصی,1,2 گیگابایت,,
حجم حافظه گرافیک,1,4 گیگابایت,,
ظرفیت حافظه گرافیکی,3,16 گیگابایت,6 گیگابایت,۶ گیگابایت
فرکانس حافظه گرافیک,1,12000MHZ,,
مجموع حافظه گرافیکی,1,بدون حافظه‌ گرافیکی مجزا,,
مقدار حافظه گرافیکی,1,2GB,,
نوع حافظه گرافیک,58,GDDR6,GDDR6,GDDR6
نوع حافظه گرافیک اختصاصی,1,GDDR6,,
نوع حافظه گرافیکی,48,GDDR6,GDDR6,GDDR6
کل حافظه گرافیکی,8,10 گیگابایت,10 گیگابایت,10 گیگابایت
Memory Storage Capacity,1,256 GB,,
امکان ارتقا حافظه Ram,1,بله,,
اندازه حافظه Ram,1,16GB,,
باس حافظه رم,3,2133MHz,3200MHz,3200MHz
توضیحات حافظه RAM,8,"16GB, 2x8GB, DDR4, 3200MHz",8GB (8G*1) DDR4 3200MHz,"8GB DDR4, 2666MHz , Up to 32GB"
توضیحات حافظه داخلی,9,256GB SATA-3 TLC Self-Encrypting Solid State Drive (Opal 2),512GB M.2 PCIe NVMe,512GB PCIe NVMe SSD + Extra empty accessible slot for 2.5 inch hard drive or SSD
توضیحات حافظه‌ی داخلی,2,"ظرفیت حافظه داخلی : 256 گیگابایت, نوع حافظه داخلی : SSD, مشخصات حافظه داخلی : قابل ارتقاء تا 4 ترابایت و یا حافظه های SSD","ظرفیت حافظه داخلی : 256 گیگابایت, نوع حافظه داخلی : SSD, مشخصات حافظه داخلی : قابل ارتقاء تا 4 ترابایت و یا حافظه های SSD",
حافظه,26,8GB,16GB,512 گیگابایت | SSD
حافظه :,1,1TB SSD GEN4,,
حافظه HDD,2,"1 ترابایت, ,","1 ترابایت, ,",
حافظه RAM,19,۸ گیگابایت,16 گیگابایت,16 گیگابایت
حافظه RAM.ظرفيت حافظه RAM,1,"قابلیت ارتقاء تا 64 گیگابایت, ,, 16 گيگابايت",,
حافظه RAM.ظرفیت حافظه RAM,8,8 گیگابایت,16 گیگابایت,8 گیگابایت
حافظه RAM.نوع حافظه RAM,9,LPDDR4X,DDR4,DDR4
حافظه SSD,24,512G,256G,"1 ترابایت, ,"
حافظه اختصاصی,5,بدون حافظه‌ی گرافیکی مجزا,بدون حافظه‌ی گرافیکی مجزا,بدون حافظه گرافیکی مجزا
حافظه اصلی,1,32 گیگابایت,,
حافظه جانبي,1,دارد,,
حافظه خشک(SSD),113,512GB,1TB,512GB
حافظه داخلي.ظرفيت حافظه داخلي,1,512 گیگابایت حافظه SSD,,
حافظه داخلي.نوع حافظه داخلي,1,SSD,,
حافظه داخلی,45,512 گیگابایت SSD,256 گیگابایت SSD,512GB
حافظه داخلی هارد,1,512 گیگابایت SSD,,
حافظه داخلی.ظرفیت حافظه داخلی,9,1 ترابایت,512 گیگابایت,512 گیگابایت
حافظه داخلی.مشخصات حافظه داخلی,3,به همراه 512 گیگابایت حافظه SSD,PCIe-based onboard,به همراه 256 گیگابایت حافظه SSD
حافظه داخلی.نوع حافظه داخلی,9,SSD,SSD,SSD
حافظه ذخیره سازی,2,512GB SSD,1 ترابایتی SSD,
حافظه ذخیره سازی SSD,4,512 گیگابایت,512 گیگابایت,1 ترابایت
حافظه ذخیره‌سازی HDD,3,ندارد,ندارد,ندارد
حافظه رم,66,4GB,4GB,8GB
حافظه رم (RAM),5,16 گیگابایت از نوع یکپارچه (Unified),8 گیگابایت از نوع یکپارچه (Unified),8 گیگابایت از نوع یکپارچه (Unified)
حافظه رم (Ram),5,8 گیگابایت,8 گیگابایت,8 گیگابایت
حافظه مکانیکی,37,ندارد,ندارد,ندارد
حافظه مکانیکی(HDD),72,ندارد,ندارد,ندارد
حافظه پرسرعت - SSD,1,256 گیگابایت,,
حافظه کَش,67,12MB Smart Cache,24MB Smart Cache,16 مگابایت
حافظهRAM.ظرفیت حافظهRAM,1,16 گیگابایت,,
حافظهRAM.نوع حافظهRAM,1,DDR4,,
حافظهSSD,1,1TB M2,,
حجم حافظه رم,1,8 گیگ,,
رابط حافظه,303,256Bit,128Bit,128Bit
سایر توضیحات حافظه RAM,1,16GB Dual-Channel DDR4-2933 MHz Expandable to 64 GB,,
سایر توضیحات حافظه داخلی,2,256GB 2280 PCIe NVMe Value hard drive,قابلیت ارتقاء حافظه,
سرعت حافظه,1,3200Mhz,,
سرعت حافظه RAM,6,4266 مگاهرتز,4266 مگاهرتز,4266 مگاهرتز
سرعت حافظه رم,58,3200MHz,3200MHz,4800MHz
ظرفيت حافظه,1,RAM 8 گيگابايت,,
ظرفيت حافظه RAM,15,16 گيگابايت,8 گيگابايت,16 گيگابايت
ظرفيت حافظه داخلي,3,256 گیگابایت,250 گيگابايت,256 گیگابایت
ظرفیت SSD حافظه,4,"1TB, 512GB",512GB,256GB
ظرفیت حافظه,26,512 گیگابایت,512 گیگابایت,1 ترابایت
ظرفیت حافظه 8,1,RAM گیگابایت,,
ظرفیت حافظه HDD,49,1 ترابایت,ندارد,1 ترابایت
ظرفیت حافظه RAM,346,8 گیگابایت,12 گیگابایت,32 گیگابایت
ظرفیت حافظه S.S.D,1,۱ ترابایت,,
ظرفیت حافظه SSD,110,256 گیگابایت,256 گیگابایت,128 گیگابایت
ظرفیت حافظه اول,1,1 ترابایت,,
ظرفیت حافظه داخلی,346,256 گیگابایت,1 ترابایت + 256 گیگابایت,1 ترابایت
ظرفیت حافظه داخلی Hard,1,256GB,,
ظرفیت حافظه داخلی دوم,8,1 ترابایت,1 ترابایت,1 ترابایت
ظرفیت حافظه داخلی هارد,37,2 ترا,512 گیگ,1 ترا
ظرفیت حافظه دوم,1,128 گیگابایت,,
ظرفیت حافظه رم,129,4 گیگابایت,4 گیگابایت,8 گیگابایت
ظرفیت حافظه رم ,1,4gb,,
ظرفیت حافظه موقت (RAM),3,رم 8 گیگابایت LPDDR3,رم 16 گیگابایت DDR4 با قابلیت ارتقا,رم 16 گیگابایت DDR4 با قابلیت ارتقا
ظرفیت حافظه هارد,1,1ترابایت,,
ظرفیت حافظه ی رم,113,8GB,16GB,16GB
ظرفیت حافظه-Ram,1,64GB,,
ظرفیت و نوع حافظه دائم(HARD Drive),3,حافظه 256 گیگابایت SSD Nvme,حافظه 512 گیگابایت SSD Nvme با قابلیت ارتقا,حافظه 256 گیگابایت SSD Nvme به همراه 512 گیگابایت SSD SATA با قابلیت ارتقا
فرکانس حافظه RAM,8,3200MHz,3200MHz,2666MHz
فرکانس حافظه رم,6,3200 مگاهرتز,3200 مگاهرتز,3200 مگاهرتز
فیلتر حافظه داخلی,17,256GB,512GB,256GB
قابلیت ارتقا حافظه,6,امکان اضافه کردن HDD تا یک ترابایت,✔️,✔️
قابلیت ارتقا حافظه داخلی,100,دارد,دارد,دارد
قابلیت ارتقاء حافظه,33,دارد,دارد,دارد
قابلیت ارتقاء حافظه (هارد),2,ندارد,ندارد,
قابلیت ارتقاء حافظه RAM,13,ندارد,Up To 12GB,ندارد
قابلیت ارتقاء حافظه Ram,1,دارد,,
قابلیت ارتقاء حافظه داخلی,14,دارد,دارد,ندارد
قابلیت ارتقای حافظه,3,ندارد,ندارد,ندارد
قابلیت جداسازی حافظه داخلی,4,ندارد,ندارد,ندارد
قابلیت نصب کارت حافظه,8,دارد,دارد,دارد
مشخصات حافظه HDD,41,5400RPM,--- بدون مقدار ---,5400RPM
مشخصات حافظه Ram,1,حافظه رم از نوع LPDDR بوده و دارای سرعت بیشتر، مصرف کمتر و ابعاد کوچکتر نسبت به DDR است,,
مشخصات حافظه SSD,96,PCIe NVMe,PCIe NVMe,PCIe NVMe
مشخصات حافظه داخلي حافظه خشك,1,SATA SSD از نوع M.2,,
مشخصات حافظه داخلی,91,PCIe-based onboard,PCIe NVMe,به همراه 128 گیگابایت حافظه SSD از نوع M2
مقدار حافظه RAM,1,16 گیگابایت,,
مقدار حافظه Ram,1,8 گیگابایت,,
مقدار حافظه داخلی,1,256 گیگابایت,,
مقدار حافظه رم,208,16GB,16GB,32GB
میزان حافظه داخلی سوم,1,قابلیت اضافه به صورت دلخواه و سفارشی,,
میزان حافظه رم,66,16GB,16GB,16GB
نوع SSD حافظه,4,NVME GEN4,SSD,SSD
نوع حافظه,356,SSD,HDD-SSD,SSD
نوع حافظه RAM,331,Unified,DDR4,DDR4-3200 MHz
نوع حافظه Ram,1,DDR4,,
نوع حافظه SSD,54,M.2 NVMe,M.2 NVMe,M.2 NVMe
نوع حافظه اول,1,HDD,,
نوع حافظه داخلي,2,SSD,SSD,
نوع حافظه داخلی,288,SSD,SSD,حافظه هیبریدی
نوع حافظه داخلی Hard,1,SSD M.2,,
نوع حافظه داخلی دوم,8,HDD/SSD,HDD,HDD
نوع حافظه داخلی سوم,1,HDD/SSD,,
نوع حافظه دوم,1,SSD,,
نوع حافظه ذخیره سازی,47,HDD ،SSD,SSD,SSD
نوع حافظه رم,227,DDR4,DDR4,DDR4
نوع حافظه هارد,37,SSD NVMe PCI-E 4,SSD NVMe PCI-E 4,SSD NVMe PCI-E 4
نوع حافظه پرسرعت,3,SSD Normal (Solid State Drives),M2 NVMe,M2 NVMe
نوع کارت حافظه قابل نصب,8,MicroSD,SDXC,SDXC
پشتيباني از کارت حافظه جانبي,1,microSD,,
پشتیبانی از کارت حافظه,3,کارت حافظه microSD,کارت حافظه microSD,ندارد
کارت حافظه,2,ندارد,SD,
کارت حافظه‌خوان,43,❌,❌,❌
Graphics Card Ram Size,3,6 GB,8 GB,6 GB
Memory Card Reader,1,دارد,,
فرمت صفحه نمایش,20,FullHD,FullHD,FullHD
Graphic Memory,1,1 GB,,
Graphics Memory Name,1,Intel HD Graphics,,
Graphics Memory Version,1,Intel HD Graphics 520,,
باس رم گرافیک,1,128BIT,,
رم گرافیک,211,GDDR6,GDDR6,GDDR6
نوع رم گرافیک,77,GDDR6,GDDR5,DDR6
پهنایی باند رم گرافیک,1,14000MHZ,,
Flash Memory Size,8,256.0,16.0,512.0
RAM Size,2,16GB RAM DDR5,8 GB,
Ram Memory Installed Size,8,8 GB,16 GB,12 GB
وزن (کیلوگرم),401,2.0,1.7,2.5
وزن (گرم),13,"2150, ,","1240, ,","2700, ,"
وزن لپ تاپ (کیلوگرم),8,2.5,2.1,2.39
Computer Memory Type,9,DDR SDRAM,DDR4 SDRAM,‎DDR SDRAM
Internal Memory,1,256 GB,,
Memory,1,128 GB DDR4 3200MHz (4 x 32 GB),,
Memory Speed,9,1866 MHz,2667 MHz,‎4.1 GHz
RAM,14,8 GB LPDDR3,16 GB DDR4,‎16 GB
RAM Reader,2,دارد,ندارد,
RAM Type,1,SDRAM,,
Ram,1,8 گیگابایت از نوع DDR4 ارتقاء تا 16 گیگابایت,,
اسلات رم,1,2 عدد,,
امکان ارتقاء رم تا,1,32 گیگابایت,,
امکانات نرم افزاری,1,پشتیبانی از نرم افزار ProArt Creator Hub,,
امکانات نرم افزاری	,1,پشتیبانی از نرم افزار ProArt Creator Hub,,
باس رم,353,2666 مگاهرتز,4800MHz,4800MHz
تعداد اسلات RAM,1,2.0,,
تعداد اسلات رم,388,2×,2,2
تعداد اسلاید رم,1,2 جایگاه اسلاید رم,,
تعداد اسلت رم,3,2.0,2.0,2.0
توضیحات رم,2,DDR4 – 2400 SDRAM (Transfer rates up to 2133 MT/s),LPDDR3-1866,
تکنولوژی رم,4,LPDDR4x,"DDR4, 3200 MHz",DDR5 4800Mhz
جزئیات رم,1,"128 بیت دو کاناله, LPDDR5-6400, سرعت 102.4 GB/s",,
حافضه RAM,1,16GB,,
حداکثر RAM قابل پشتیبانی,1,16 گیگابایت,,
رم,10,8 گیگابایت,8GB DDR4,2GB DDR4
رم :,1,16GB DDR5,,
رم انبرد,2,دارد,ندارد,
رم قابل ارتقا تا,3,16GB,32GB,16GB
سازگاری با نرم افزارها,2,دارای رکامندیشن محصولات Adobe برای استفاده از غربیلک,دارای رکامندیشن محصولات Adobe برای استفاده از غربیلک,
سایر نرم افزارها,1,نرم افزار آفیس 365، اعتبار 30 روزه,,
سرعت Ram,2,2400MGh,2400MGh,
ظرفيت RAM,5,16 گيگابايت,8 گيگابايت,8 گيگابايت
ظرفیت RAM,1,128 گیگابایت,,
ظرفیت حافظ رم,1,16گیگابایت,,
ظرفیت رم,20,16 گیگابایت,8GB,16 گیگابایت
ظرفیت و نوع Ram,1,16 گیگابایت DDR5,,
فرم فاکتور,1,M.2,,
فرمتهای پخش صوتی,1,3GP، MP3، MP4، MKV، WAV، OGG، M4A، AAC، TS، AMR، FLAC، MID، MIDI، RTTL، RTX، OTA، IMY,,
فرمتهای پخش ویدیو,1,MKV، MOV، MP4، H.265(HEVC)، AVI، WMV، TS، 3GP، FLV، 3G2، AVI، FLV، TS/M2TS، MKV، WEBM، 3GP/MPEG-4، HEIC/HEIF، ASF/WMV ، MOV,,
فرکانس (باس) رم,3,3733 مگاهرتز,2666 مگاهرتز,3200 مگاهرتز
فرکانس RAM,2,4800 مگاهرتز,3200 مگاهرتز,
فرکانس رم,3,4800 گیگاهرتز,3200Mhz,4800 گیگاهرتز
فرکانس کاری رم,1,3200 مگاهرتز,,
فیلتر رم,17,8 گیگابایت,16 گیگابایت,8GB
قابلیت ارتقا RAM,54,ندارد,تا 16 گیگابایت,تا 16 گیگابایت
قابلیت ارتقا رم,11,تا 32 گیگابایت,تا 32 گیگابایت,Up to 16GB
قابلیت ارتقا رم تا,11,32 گیگابایت,48 گیگابایت,16 گیگابایت
قابلیت ارتقاء RAM,17,Up to 36GB,Up to 36GB,Up to 64GB
قابلیت ارتقاء Ram,2,ندارد,ندارد,
قابلیت ارتقاء رم,200,Up to 32GB,ندارد,Up to 32GB
قابلیت ارتقای رم,162,تا 64 گیگابایت,تا 32 گیگابایت,تا 12 گیگابایت
مشخصات Ram,2,unified memory,unified memory,
مقدار RAM,4,32GB,64 گیگابایت,16 گیگابایت
مقدار رم,3,96 گیگ,32GB unified memory,96 گیگ
نرم افزار روی دستگاه,1,"Windows 11 Home, Preloaded Microsoft 365 Apps, Microsoft 365 Home 30-day trial, Preloaded Xbox App, Xbox Game Pass Ultimate one month trial",,
نرم افزارهای اختصاصی Alienware,1,Alienware Command Center AlienFX™ AlienFusion AlienAdrenaline w/ Accelerator Alienware TactX™,,
نرم افزارهای داخلی,1,برنامه Xbox از پیش بارگذاری شده,,
نرم افزارهای موجود,2,—,—,
نوع RAM,1,DDR5,,
نوع Ram,2,DDR 5,DDR 5,
نوع رم,246,DDR5,DDR4,DDR5
نوع و باس رم,111,DDR4 3200MHz,DDR5 4800MHz,DDR5 4800MHz
میزان کش پردازنده,13,4 مگابایت,4 مگابایت,8 مگابایت
کش پردازنده,1,6MB,,
سازنده پردازنده گرافیک,2,AMD,NVIDIA,
سازنده پردازنده گرافیکی,382,Apple,Intel,Nvidia
سازنده پردازنده گرافیکی ,1,AMD,,
سازنده پردازنده گرافیکی مجتمع,1,اینتل,,
سازنده پردازنده گرافیکی مجزا,4,❌,❌,❌
سازنده پردازنده گرافیکی یکپارچه,4,Intel,Intel,Intel
شرکت سازنده پردازنده گرافیکی,9,NVIDIA,NVIDIA,NVIDIA
مدل پردازنده گرافیک,2,GeForce RTX 3060,Intel HD Graphics 520,
مدل پردازنده گرافیکی,524,7core Apple-designed integrated GPU,Intel UHD,GeForce RTX 3050
مدل پردازنده گرافیکی مجتمع,1,Iris Xe Graphics,,
مدل پردازنده گرافیکی مجزا,4,❌,❌,❌
مدل پردازنده گرافیکی یکپارچه,4,Intel UHD Graphics 620,Intel UHD Graphics 620,Intel UHD Graphics 620
پردازنده گرافیکی.سازنده پردازنده گرافیکی,9,Intel,NVIDIA,Nvidia Geforce
پردازنده گرافیکی.مدل پردازنده گرافیکی,9,Intel Iris Xe Graphics,GeForce RTX ۳۰۵۰ Ti,GTX 1660Ti
Graphics Coprocessor,8,Intel UHD Graphics 620,NVIDIA GeForce GTX 1660Ti,NVIDIA GeForce GTX 1650
بیت ریت پردازنده گرافیکی,1,64 BIT,,
توان حرارتی پردازنده گرافیکی,1,حداکثر تا 175 وات,,
توضیحات پردازنده گرافیکی,7,NVIDIA® GeForce RTX™ 3060 6GB GDDR6,"NVIDIA® GeForce RTX™ 3050 Laptop GPU Up to 1500MHz Boost Clock, 60W Maximum Graphics Power",NVIDIA® GeForce GTX™ 1650 with 4GB GDDR5 VRAM
حجم پردازنده گرافیکی,1,6 گیگابایت,,
سایر توضیحات پردازنده گرافیکی,2,GDDR6,GDDR6,
ظرفیت پردازنده گرافیکی,1,4 گیگابایت,,
فرکانس پردازنده گرافیکی,1,حداکثر تا 1640 مگاهرتز,,
نوع پردازنده گرافیکی,52,پردازنده گرافیکی یکپارچه,پردازنده گرافیکی مجزا,پردازنده گرافیکی یکپارچه
ویژگی پردازنده گرافیکی,2,دارای 38 هسته پردازش گرافیکی,دارای 16 هسته پردازش گرافیکی,
پردازنده گرافیکی,29,NVIDIA GeForce GTX 1650,Apple M1 Pro 14-Core GPU,NVIDIA GeForce MX130
پردازنده گرافیکی (مجتمع),1,"گرافیک اختصاصی, گرافیک مجتمع intel",,
پردازنده گرافیکی RTX 3050TI,5,باطری کم حجم,باطری کم حجم,باطری کم حجم
پردازنده گرافیکی RTX 3070,1,نداشتن قسمت اعداد کیبورد,,
پردازنده گرافیکی مجزا,8,دارای پردازنده گرافیکی مجزا,دارای پردازنده گرافیکی مجزا,دارای پردازنده گرافیکی مجزا
پردازنده گرافیکی(VGA),3,4 گیگابایت به صورت شیرینگ intel HD 615,گرافیک 4 گیگابایت Nvidia Quadro M2000m 128-bit GDDR5,گرافیک 4 گیگابایت Nvidia Quadro M2200m 128-bit GDDR5
پردازنده‌ی گرافیکی,1,Iris Xe,,
چیپست پردازنده گرافیکی داخلی,1,IRIS,,
گرافیک پردازنده,1,Intel UHD Graphics 600,,
Processor Brand,10,Intel,Intel,‎Intel
سازنده CPU,12,"AMD, ,","APPLE, ,","Intel, ,"
سازنده و مدل پردازنده,3,Intel Core i7 11800H,intel Core i9 11900H,AMD Ryzen5 5500U
سازنده پردازنده,503,Apple,Intel,Intel
سازنده پردازنده مرکزی,34,Intel,اپل,Intel
سازنده پردازنده گرافيکي,1,AMD,,
سازنده پردازنده گرافيکی,6,Apple,NVIDIA,NVIDIA
سازنده ی پردازنده,37,Intel,Intel,Intel
سري پردازنده,17,Intel Core i7,Intel Core i5,Intel Core i7
سری پردازنده,880,12th Gen\Alder Lake,M1,Ryzen 7
سری پردازنده مرکزی,3,Core i7,Core i5,Celeron
سری پردازنده مرکزی ,1,i7-6600u,,
شرکت سازنده پردازنده,208,Intel,Intel,AMD
شرکت سازنده پردازنده گرافيکي,1,Intel,,
مدل پردازنده,677,Core i5-12450H,Apple M1 chip,11400H
مدل پردازنده مرکزی,48,1115G4,12450H,CELERON 6305
مدل پردازنده گرافيکي,14,Quadro M1000M GDDR5,GeForce 940M,Radeon RX Vega M GL*
نوع سری پردازنده,275,Alder Lake,Alder Lake-P,AMD Rembrandt (Zen 3+)
پردازنده مرکزي.سازنده پردازنده,1,Intel,,
پردازنده مرکزي.سري پردازنده,1,Core i7,,
پردازنده مرکزي.مدل پردازنده,1,6820HQ,,
پردازنده مرکزی.سازنده پردازنده,9,Intel,Intel,Intel
پردازنده مرکزی.سری پردازنده,9,Core i7,Core i7,Core i7
پردازنده مرکزی.مدل پردازنده,9,1165G7,۱۱۸۰۰H,10750H
پردازنده گرافيکي.شرکت سازنده پردازنده گرافيکي,1,"Intel, ,, NVIDIA",,
پردازنده گرافيکي.مدل پردازنده گرافيکي,1,"Intel® HD Graphics 530, ,, Nvidia Quadro M2200 – GDDR5",,
CPU,4,Core i7-1260P,Core i7,8 هسته ای | 4 هسته پردازشی و 4 هسته کم مصرف
CPU Manufacturer,1,Intel,,
CPU Model,9,Core i5 8400T,Core i7,Core i5
CPU Speed,3,5 GHz,1.8 GHz,1.6 GHz
CPU اینتل,1,سازنده,,
Number of Cores,1,Dual Core,,
Number of Processors,5,4.0,6.0,4.0
Processor,10,1.3 GHz core_i5_8400t,4.5 GHz core_i7,‎2.4 GHz core_i5
Processor Count,9,4.0,6.0,4.0
Processor Speed,1,2.4 None,,
Processor Type,1,Core i5,,
Processor Version,1,Dual Core,,
Processor Version Number/Generation,1,6th Gen,,
بازه فرکانس پردازنده,42,1.7 تا 4.7 گیگاهرتز,2.3 تا 4.7 گیگاهرتز,1.3 تا 3.9 گیگاهرتز
برند cpu,1,Intel,,
برند پردازنده,67,Intel,Intel,Intel
تعداد رشته,376,16,2,16
تعداد رشته (Thread),32,4,20,2
تعداد رشته (thread),1,دوازده رشته,,
تعداد رشته Thread,3,4 عدد,16 عدد,8 عدد
تعداد رشته پردازنده,2,12 رشته,8عدد,
تعداد رشته‌های Efficient,1,8.0,,
تعداد رشته‌های Performance,1,16.0,,
تعداد هسته,545,2,10,8
تعداد هسته (Core),1,2 هسته,,
تعداد هسته Core,3,2 عدد,8 عدد,4 عدد
تعداد هسته حقیقی,21,2.0,2.0,6.0
تعداد هسته مجازی,26,2,4,12
تعداد هسته ها,2,4 هسته ای - 8 threads,4 هسته ای ، 8threads,
تعداد هسته و رشته,2,2Core 4Thread,4Core 4Thread,
تعداد هسته واقعی,6,2,14,4
تعداد هسته پردازشی,4,4.0,4.0,4.0
تعداد هسته پردازنده,13,8 هسته حقیقی + 12 هسته مجازی,8 هسته ای,8 هسته‌ای
تعداد هسته‌های Efficient,1,8.0,,
تعداد هسته‌های Performance,1,8.0,,
تعداد پردازنده,1,1.0,,
تعداد-هسته,2,"6 هسته قدرتمند اصلی, 8 هسته ضعیف کمکی",4,
توان-پردازنده,1,45w,,
توضیحات پردازنده,1,GN 11TH,,
تولید کننده پردازنده,1,"intel, اینتل",,
جزئیات CPU,1,"4 هسته 3.49GHz آوالانچ, 4 هسته 2.424GHz بلیزارد",,
حداکثر سرعت پردازنده,1,3.0 گیگاهرتز,,
حداکثر فرکانس پردازنده,1,4.20 GHz,,
رشته,1,8.0,,
رشته (هسته مجازی),1,16 رشته (هسته مجازی),,
سایر توضیحات پردازنده مرکزی (CPU),1,۸ هسته حقیقی + ۸ هسته مجازی,,
سرعت پردازنده,23,2.5 گیگاهرتز,4.1 گیگاهرتز,3.20GHz Up to 4.40GHz
شماره پردازنده,5,A6-4455M,i7-3630QM,i3-2330M
ظرفیت اختصاصی پردازنده,1,2 گیگابایت,,
فرکانس Turbo پردازنده,3,4.7 گیگاهرتز,4.4 گیگاهرتز,4.7 گیگاهرتز
فرکانس افزایش پردازنده,1,4.8GHz,,
فرکانس هسته‌های Efficient,1,حداکثر تا 3.60 گیگاهرتز,,
فرکانس هسته‌های Performance,1,حداکثر تا 5.00 گیگاهرتز,,
فرکانس پایه پردازنده,1,1.9GHz,,
فرکانس پردازنده,433,1.1 گیگاهرتز تا 3.6 گیگاهرتز,2.7 گیگاهرتز تا 4.5 گیگاهرتز,1.20GHz up to 3.40GHz
فرکانس پردازنده (بر حسب گیگاهرتز ),4,2.4 گیگاهرتز تا 4.2 گیگاهرتز,2.8 گیگاهرتز تا 4.7 گیگاهرتز,۲.۷GHz Up to ۴.۵GHz
فرکانس پردازنده (بر حسب گیگاهرتز),1,2.8 گیگاهرتز,,
فرکانس پردازنده در حالت توربو,14,3.6 گیگاهرتز,4.5 گیگاهرتز,4.2 گیگاهرتز
فناوری ساخت پردازنده,301,10 نانومتری,10 نانومتری,6 نانومتری
فیلتر پردازنده,17,Apple M1,Core i7,Core i5
محدوده سرعت پردازنده,132,2.8 گیگاهرتز و بیشتر,3.0 تا 4.1 گیگاهرتز,2.70GHz Up to 4.50GHz
محدوده فرکانس پردازنده,1,حداکثر تا 5.00 گیگاهرتز,,
مشخصات cpu ( پردازنده ),2,"سازنده پردازنده : Intel, سری پردازنده : Core i7, مدل پردازنده : 6600U 2.6GHz","سازنده پردازنده : Intel, سری پردازنده : Core i5, مدل پردازنده : 7700U 2.6GHz",
مشخصات پردازنده مرکزی,1,"پردازنده AMD A4-9120C | نسل هفتم | دو هسته‌ای | لیتوگرافی 28 نانومتری | فرکانس پایه 1.60 گیگاهرتز | فرکانس توربو تا حداکثر 2.40 گیگاهرتز | کش 1 مگابایتی, پردازنده AMD A6-9220C | نسل هفتم | دو هسته‌ای | لیتوگرافی 28 نانومتری | فرکانس پایه 1.80 گیگاهرتز | فرکانس توربو تا حداکثر 2.70 گیگاهرتز | کش 1 مگابایتی",,
مصرف برق پردازنده,305,45 وات,45 وات,45 وات
معماری پردازنده,4,Alder Lake,5 نانومتری,5 نانومتری
نام پردازنده,6,"AMD RYZEN 7 4800H, AMD RYZEN 7 6800HS, AMD RYZEN 9 5900HS",INTEL,AMD Ryzen 3 5300U
نسل پردازنده,363,11,نسل 12,نسل 6
نسل پردازنده مرکزی,11,13,12,11
نسلCPU,1,12.0,,
نوع پردازنده,22,64 بیتی,64 بیتی,CPU Integrated
هسته Efficient (کم مصرف),24,4 هسته,8 هسته,8 هسته
هسته Performance (عملکرد بالا),24,4 هسته,2 هسته,6 هسته
هسته اصلی,57,8 هسته,10 هسته,8 هسته اصلی
هسته مجازی,1,20 هسته,,
هسته مجازی(تِرِد),56,8 هسته,12 هسته,8 هسته
هسته واقعی,1,14 هسته,,
هسته پردازشی,66,8 هسته (4 هسته پُرمصرف + 4 هسته کم مصرف),8 هسته,14 هسته (6 هسته پُرمصرف + 8 هسته کم مصرف)
ویژگیهای پردازنده,3,پردازنده 12هسته ای (هشت هسته کارایی +چهار هسته بهره وری),2 هسته 4 رشته ای,پردازنده 10هسته ای (هشت هسته کارایی +دو هسته بهره وری)
پردازنده,28,12 هسته,Intel Core 2 Duo,Core i7_H 9th
پردازنده :,1,CORE I9-12900H 24M CACHE,,
پردازنده AMD,2,A6,Ryzen 9,
پردازنده INTEL,6,Core i7,Core 2 Duo,Core i3
پردازنده اصلی,1,چیپ Apple M2 (8C-8C),,
پردازنده اصلی(CPU),3,Intel Core i5 7Y54 2Core 4Threads 4MB Cache 1.20 GHz up to 3.20 GHz,intel Core i7 6820HQ 4Core 8Threads 8MB Cache 2.70 GHz up to 3.60 GHz,intel Xeon E3 1545m 4Core 8Threads 8MB Cache 2.90 GHz up to 3.80 GHz
پردازنده امنیتی,1,TPM chip for Enterprise Security,,
پردازنده مرکزي.فرکانس پردازنده,1,2.7GHz up to 3.6GHz,,
پردازنده مرکزی,11,11th Generation Intel Core i7-1185G7,core i7-6820HQ,Quad-core 10th Gen Intel Core i7-1065G7 Processor
پردازنده مرکزی Core i7 11800H,6,بدنه پلاستیکی,بدنه پلاستیکی,بدنه پلاستیکی
پردازنده مرکزی.فرکانس پردازنده,8,2.80 تا 4.70 گیگاهرتز,۲.۳ تا ۴.۶ گیگاهرتز,1.3 تا 3.9 گیگاهرتز
پردازنده مرکزی.محدوده سرعت پردازنده,2,۲.۸ گیگاهرتز و بیشتر,2.5 تا 2.8 گیگاهرتز,
امکان ارتقاء هارد دیسک تا,1,1 ترابایت,,
ظرفیت هارد دیسک,8,250GB,512 گیگابایت,1TBSSD
ظرفیت هارد دیسک ,1,500gb,,
ظرفیت هارددیسک,2,1 ترابایت,ندارد,
مشخصات هارد دیسک,4,SSD,SSD-SATA,S.S.D
نوع هارد دیسک,1,HDD,,
هارد دیسک,1,ندارد,,
هارد دیسک(HDD),1,ندارد,,
Hard Disk Size,8,256 GB,256 GB,256 GB
HDD,67,❌,❌,❌
HDD Rotation,1,7200 RPM,,
Hard Disk Description,2,SSD,Flash_memory_solid_state,
Hard Drive,10,256 GB SSD,256 GB SSD,‎256 GB flash_memory_solid_state
Hard Drive Interface,7,Unknown,USB 3.1,Serial ATA
Hard Drive Rotational Speed,3,0.1,16,1000 RPM
Hardware Platform,6,PC,PC,PC
Storage,1,1 TB PCIe SSD Gen 4,,
Storage Capacity,1,1 TB,,
Storage Type,1,SSD,,
اسلات ارتقاء HDD,54,❌,❌,❌
تعداد اسلات هارد,37,2 عدد,2 عدد,2 عدد
تکنولوژی هارد,3,solid-state drive,"M.2, PCIe NVMe, SSD",M.2 NVMe SSD
سایز هارد,1,2.5 اینچ,,
ظرفیت HDD,42,1TB,1TB,1TB
ظرفیت هارد,10,1 ترابایت SSD,1 ترابایت,500 گیگابایت
ظرفیت-هارد,1,ندارد,,
قابلیت ارتقا هارد,1,درگاه M.2 برای افزودن اس اس دی,,
قابلیت ارتقاء HDD,25,ندارد,ندارد,ندارد
قابلیت ارتقاء هارد,8,بله,بله,بله
قابلیت جداسازی هارد,2,ندارد,ندارد,
قابلیت نصب HDD,32,ندارد,ندارد,دارد
مشخصات هارد,2,PCIe-based onboard,PCIe-based onboard,
مقدار هارد,2,1 ترابایت,512 گیگابایت,
نوع HDD,15,"""5400rpm @ 2.5","""5400rpm @ 2.5","""5400rpm @ SATA @ 2.5"
نوع هارد,5,SSD,SSD,SSD
هارد,10,256GB SSD قابلیت ارتقاء دارد,256GB SSD M.2,512GB SSD
هارد مکانیکی,1,قابلیت افزودن هارد مکانیکی ندارد,,
پشتیبانی همزمان از هارد SSD و HDD,3,دارد,دارد,دارد
Thunderbolt 4 (USB-C),1,3 عدد,,
امکانات.توضیحات پورت Thunderbolt,1,Thunderbolt 3 (up to 40 Gbps),,
امکانات.پورت Thunderbolt,1,دارد,,
تعداد پورت Thunderbolt,2,0.0,0.0,
توضیحات پورت Thunderbolt,10,Thunderbolt 3 (up to 40Gb/s),Thunderbolt 3 (up to 40 Gbps),2 عدد پورت Thunderbolt 3 از طریق پورت USB Type-C
درگاه Thunderbolt,5,دارد,ندارد,دارد
مشخصات پورت Thunderbolt,2,2x USB 3.2 Gen1 Type C,40 Gbps Thunderbolt 3,
پورت ThunderBolt,56,2 پورت,ندارد,ندارد
پورت Thunderbolt,152,دارد,خیر,ندارد
پورت Thunderbolt 2,3,ندارد,ندارد,ندارد
پورت Thunderbolt 3,34,ندارد,ندارد,ندارد
پورت Thunderbolt 4,29,ندارد,ندارد,ندارد
پورت Thunderbolt USB 4,29,ندارد,ندارد,ندارد
پورت thunderbolt 3,3,دارد,دارد,ندارد
درگاه SD Card,70,ندارد,ندارد,ندارد
Display Port,120,ندارد,ندارد,ندارد
DisplayPort,3,1xMini DP + 2xUSB Type-C,✔️,mini DisplayPort
Mini Display Port,31,ندارد,ندارد,ندارد
پورت DisPlay,2,دارد,دارد,
پورت Display,22,ندارد,ندارد,ندارد
پورت Display Port,4,ندارد,ندارد,ندارد
پورت DisplayPort,4,1x mini DP 1.4,ندارد,ندارد
پورت Mini Display,5,خیر,خیر,ندارد
پورت Mini Display Port,1,ندارد,,
پورت Mini Displayport,2,دارد,دارد,
پورت display,3,ندارد,ندارد,ندارد
پورت mini DisplayPort,3,ندارد,ندارد,ندارد
پورت mini display,3,ندارد,دارد,ندارد
پورت های خروجی تصویر,2,HDMI,HDMI,
امکانات.پورت VGA,9,ندارد,ندارد,ندارد
درگاه VGA,27,ندارد,ندارد,ندارد
پورت VGA,221,ندارد,خیر,ندارد
پورت خروجی VGA,1,ندارد,,
پورت ها.پورتVGA,1,ندارد,,
درگاه شارژر سرفیس,6,✅,✔️,✅
پورت شارژ - برق,3,MagSafe 3,Surface Connector,MagSafe 3
امکانات.پورت شبکه Ethernet,3,"Ethernet, Fast Ethernet, Gigabit Ethernet, ,, Intel I218-LM (Clarkville ULT) Network Adapter (10/100/1000MBit), ,, yes",دارد,ندارد
توضیحات پورت شبکه Ethernet,7,دارد,Integrated Intel® I219-LM GbE,Integrated 10/100/1000 GbE
درگاه شبکه LAN,142,ندارد,دارد,دارد
شبکه هاي ارتباطي,1,"Bluetooth, Wi-Fi",,
شبکه و ارتباطات,1,"LAN:, Gb LAN, Wireless:, Intel Wi-Fi 6 AX201(2*2 ax) + Bluetooth v5.1",,
پورت شبکه,100,ندارد,ندارد,دارد
پورت شبکه (Ethernet),1,ندارد,,
پورت شبکه Ethernet,211,ندارد,دارد,دارد
پورت شبکه RJ45,1,دارد,,
پورت شبکه اترنت,31,ندارد,ندارد,ندارد
پورت اتصال کیبورد سرفیس,1,دارد,,
External Ports,1,USB3x2 USB-C HDMI CardReader,,
HDMI,133,1× @ Version 2.0,دارد,1× @ Version 2.0b
HDMI Output,1,Yes,,
Hdmi,1,دارد,,
Headphone Jack,1,1 عدد,,
MagSafe 3 port,1,1 عدد,,
Mini HDMI,1,ندارد,,
Number of HDMI Ports,1,1.0,,
Number of USB 2.0 Ports,1,7.0,,
Number of USB 3.0 Ports,6,1.0,3.0,2.0
Number of USB Ports,1,3.0,,
Ports,1,"1x 3.5mm Combo Audio Jack
1x ROG XG Mobile Interface
1x card reader (microSD) (UHS-II)",,
USB 2,4,✅,✅,✅
USB 2.0,150,1عدد,1 عدد,2
USB 3,5,دارد,✅,✅
USB 3.0,62,2عدد,2 عدد,"3 عدد, ,"
USB 3.1,3,1 عدد,1 عدد,2 عدد
USB 3.2,203,2,2,2
USB Type C,3,دارد,1,2
USB Type-C,1,دارد,,
USB-A,2,سه عدد USB 3.2 Gen 1 Type-A,1 عدد,
USB-C,68,"1× @ support data transfer, Power Delivery 3.0 and DisplayPort 1.4 – Thunderbolt 4/USB4 40Gbps","1× @ support data transfer, Power Delivery and DisplayPort 1.4 – Thunderbolt 4/USB4, 1× @ support data transfer and DisplayPort 1.4 – Thunderbolt 4/USB4","1× @ Support DisplayPort/Power Delivery — USB3.2 Gen2, 1× @ Support DisplayPort/Power Delivery — Thunderbolt 4"
USB2.0,66,❌,❌,❌
USB3,3,yes,yes,"4 عدد, yes"
USB3.0,66,❌,❌,❌
USB3.1,66,❌,❌,❌
USB3.2,66,2× @ Gen1,4× @ Gen1,2× @ Gen2
usb2-0-number,1,no,,
usb3-0-number,1,3 x USB 3.0/USB 3.0 (charging),,
اتصال Bluetooth,9,"بلوتوث, داخلی",دارد,5.0
اتصال WI-FI,1,دارد,,
اتصال Wi-Fi,31,IEEE 802.11 b/g/n/ac,Wi-Fi 6(802.11ax),Wi-Fi 6(802.11ax)
اتصال بلوتوث,33,BT 5.0,BT 5.1,BT 5.2
اتصالات بی سیم,5,Bluetooth 5.0 WiFi 6.0,Bluetooth 5.0 WiFi 6.0,"Bluetooth 5.0, WiFi 6.0"
اتصالات.تعداد پورت USB2.0,15,1 عدد,1 عدد,ندارد
اتصالات.تعداد پورت USB3 3.2 Gen1,21,1 عدد,2 عدد,3 عدد
اتصالات.تعداد پورت USB3 3.2 Gen2,1,1 عدد,,
اتصالات.جک 3.5 میلیمتری,21,COMBO audio jack,COMBO audio jack,COMBO audio jack
ارتباطات,4,"بلوتوث:, نسخه ۵.۱, جی پی اس:, دارد, درگاه های ارتباطی:, 2 x Thunderbolt™ 4 | data transfers up to 40Gbps, Power Delivery, Surface Connect™ + Supports charging and docking station, USB-C interface supports USB 4.0, پشتیبانی از سیم کارت:, ندارد, WIFI:, Wi-Fi 6: IEEE 802.11 a/b/g/n/ac/ax compatible.","Intel Wireless-AC 9560 (802.11a/b/g/n/ac), Bluetooth 5.0","Wi-Fi 6: 802.11ax compatible, Bluetooth Wireless 5.0 technology, ​, Xbox Wireless built-in"
ارتباطات بیسیم,9,بلوتوث، WiFi,بلوتوث، WiFi,"Bluetooth 5.0, WiFi 6e"
امکانات.تعداد پورت USB 2.0,4,ندارد,1,2
امکانات.تعداد پورت USB 3.0,3,3.0,2.0,1.0
امکانات.پورت HDMI,9,ندارد,دارد,دارد
امکانات.پورت Serial,1,ندارد,,
امکانات.پورت USB Type-C,9,2 عدد,دارد,دارد
تعداد درگاه USB 2.0 Type A,23,1 عدد,ندارد,ندارد
تعداد درگاه USB 3.0 Type A و بالاتر,38,2 عدد,دو عدد USB 3.2 Gen 1 Type-A,2 عدد
تعداد درگاه USB 3.2,2,2.0,2.0,
تعداد درگاه USB Type C,41,ندارد,دو عدد پورت,1 عدد
تعداد درگاه USB Type-A 4.0,4,1 عدد,ندارد,1 عدد
تعداد درگاه خروجی,1,تعداد پورت USB 2.0 دو عدد تعداد پورت USB 3.2 یک عدد تعداد پورت USB Type-C یک عدد,,
تعداد پورت,1,"1X USB 3.1, 2X USB 3.0, DISPLAY PORT, Gigabit eternet lan, VGA, جک 3.5 میلی متری صدا",,
تعداد پورت Type-C,1,1 عدد,,
تعداد پورت Type-c,3,1 عدد,1 عدد,1 عدد
تعداد پورت USB 2,7,4 عدد,4 عدد,2 عدد
تعداد پورت USB 2.0,139,ندارد,2 عدد,1 عدد
تعداد پورت USB 3,80,2x USB 3.2 Gen 2 Type-A 1x 2.5G LAN port,2 عدد -USB 3.2,1 USB Type-A 5Gbps signaling rate (HP Sleep and Charge) 2 USB Type-A 5Gbps signaling rate RJ-45
تعداد پورت USB 3.0,162,ندارد,خیر,ندارد
تعداد پورت USB 3.0 و بالاتر,1,ندارد,,
تعداد پورت USB 3.1,48,خیر,ندارد,2 عدد
تعداد پورت USB 3.2,40,1 عدد,2 عدد,ندارد
تعداد پورت USB 4.0,4,2 عدد,ندارد,3
تعداد پورت USB Type C,8,3 عدد,2 عدد,2 عدد
تعداد پورت USB Type-C,24,خیر,1 عدد,0
تعداد پورت USB-A,2,0.0,0.0,
تعداد پورت USB-C,36,1 عدد,ندارد,ندارد
تعداد پورت USB-C Support DP,26,2 عدد,1 عدد,ندارد
تعداد پورت USB2.0,4,1,ندارد,0
تعداد پورت USB3 Type-C,20,1 عدد,1 عدد,1 عدد
تعداد پورت type-C,1,دارد,,
تعداد پورت دیگر,3,"3x USB 3.2 type A Gen.2
1x Ethernet RJ-45 2.5 Gbit
1x card reader SD UHS-II
1x Audio-jack 3.5 mm","3x USB 3.2 type A Gen.2
1x Ethernet RJ-45 2.5 Gbit
1x card reader SD UHS-II
1x Audio-jack 3.5 mm",3x USB 3.2 type A Gen.2 1x Ethernet RJ-45 2.5 Gbit 1x card reader SD UHS-II 1x Audio-jack 3.5 mm
تعداد پورت های USB 2.0,1,0.0,,
تعداد پورتUSB 3.2,2,3عدد,2,
توضیحات درگاه USB,5,دارای 2 درگاه USB-A استاندارد 3.2، درگاه USB-C با کاربری DisplayPort,درگاه USB 3.2 نسل یک، درگاه USB Type-C با قابلیت شارژ و انتقال دیتا,دارای 2 درگاه USB-A استاندارد 3.2
توضیحات درگاه USB Type C,15,پشتیبانی از HDMI پشتیبانی از USB 4.0 پشتیبانی از VGA پشتیبانی از Thunderbolt 4.0,DisplayPort ،Power Delivery ،Thunderbolt 4 ،G-Sync,Thunderbolt 4، سرعت انتقال داده تا 10 Gbps، پشتیبانی از DisplayPort، پشتیبانی از شارژ PD توان 65 وات
توضیحات پورت Ethernet,4,10/100/1000/2500,Gb LAN,1x RJ45 LAN port
توضیحات پورت HDMI,2,HDMI 2.1 output (Up to 8K 60Hz or 4K Hz),HDMI 2.1 output (Up to 8K 60Hz or 4K Hz),
جک هدفون AUX,2,دارد,دارد,
درگاه AUX,5,دارد,دارد,دارد
درگاه DVI,13,ندارد,ندارد,ندارد
درگاه Ethernet,5,ندارد,ندارد,ندارد
درگاه HDMI,85,دارد,دارد,دارد
درگاه Lightning,2,ندارد,ندارد,
درگاه Sd,31,ندارد,دارد,ندارد
درگاه USB,1,"2 درگاه USB3.2 TYPE-C, 3 درگاه USB3.2",,
درگاه USB 2.0,4,ندارد,ندارد,ندارد
درگاه USB 3.0,7,2 درگاه,1 پورت,2 درگاه
درگاه USB 3.1,1,2 درگاه,,
درگاه USB 3.2,1,3 درگاه,,
درگاه USB Type C,4,✅,✅,✅
درگاه USB Type-A نسل دوم,1,1 عدد,,
درگاه USB Type-A نسل سوم,1,2 عدد,,
درگاه USB-2,2,1 عدد,1 عدد,
درگاه USB-3,4,2 عدد,دارد,3 عدد
درگاه USB-A,3,ندارد,1 عدد دارد,ندارد
درگاه USB-C,17,1 عدد,1 عدد,1 درگاه
درگاه ارتباطی,7,درگاه کارتخوان SDXC، درگاه HDMI 2.0، جک 3.5 میلی‌متری صدا، درگاه مگ سیف (MagSafe 3)، درگاه تاندربولت 4 (Thunderbolt 4),جک 3.5 میلی‌متری صدا، درگاه مگ سیف (MagSafe 3)، درگاه تاندربولت 4 (Thunderbolt 4),درگاه تاندربولت 4 (Thunderbolt 4)، جک 3.5 میلی‌متری صدا
درگاه انتقال صدا,35,یک عدد جک صوتی 3.5 میلی متری,یک عدد جک صوتی 3.5 میلی متری,یک عدد جک صوتی 3.5 میلی متری
درگاه سیم کارت,1,ندارد,,
درگاه های ارتباطی,4,"ThunderBolt, USB Type C","SD Reader, ThunderBolt, USB 3.1, USB Type C","SD Reader, ThunderBolt, USB Type C"
درگاه کارت‌ خوان,19,دارد,ندارد,ندارد
درگاه کارت‌خوان,2,دارد,دارد,
درگاه‌ Lightening,2,ندارد,ندارد,
درگاه‌ USB-A,2,ندارد,ندارد,
درگاه‌ USB-C,2,2 عدد دارد پشتیبانی از HDMI پشتیبانی از Thunderbolt 2.0 پشتیبانی از Thunderbolt 3.0 پشتیبانی از USB 3.1 پشتیبانی از USB 4.0 پشتیبانی از VGA شارژ از طریق پورت USB-C,2 عدد دارد پشتیبانی از HDMI پشتیبانی از Thunderbolt 2.0 پشتیبانی از Thunderbolt 3.0 پشتیبانی از USB 3.1 پشتیبانی از USB 4.0 پشتیبانی از VGA شارژ از طریق پورت USB-C,
درگاه‌های ارتباطی,9,USB LAN Wi-Fi شیار کارت حافظه HDMI Bluetooth USB Type-C,"Wi-Fi ,Bluetooth",USB Wi-Fi شیار کارت حافظه HDMI Bluetooth USB Type-C Thunderbolt
رابط اتصال,1,PCIe NVME,,
سایر اتصالات,12,"یک عدد پورت USB Type C, ,","دو عدد پورت USB Type C, ,","دو عدد پورت USB Type C, ,, دارای درگاه حافظه, ,"
سایر درگاه ها,13,تعداد پورت USB A : عدد 1,یک عدد پورت Magsafe 3,Thunderbolt 4 supports display / power delivery
سایر ویژگی های درگاه,1,مجهز به قفل کنسینگتون,,
سایر پورت ها,1,- RS-232 Serial port,,
سرعت پورت,1,تا 40 گیگابیت بر ثانیه,,
فناوری اتصال,1,بلوتوث، Wi-Fi، USB، HDMI,,
مشخصات ویژه برای اتصالات,1,XG Mobile Interface (support DisplayPort 1.4، G-Sync and PD charging),,
مشخصات پورت USB3 Type-C,17,Data Transfer,Data Transfer/Power Delivery/DisplayPort,Data Transfer/Power Delivery/DisplayPort
نوع اتصال,46,PCIe NVMe,PCIe NVMe,PCIe NVMe
نوع اتصال SSD,296,PCIe NVMe,PCIe NVMe,PCIe NVMe
ویژگی پورتها,3,اسلات کارت SDXC پورت HDMI پورت MagSafe 3 سه پورت Thunderbolt 4 (USB-C) با پشتیبانی از: شارژ کردن DisplayPort تاندربولت 4 (سرعت انتقال تا 40 گیگابیت بر ثانیه) USB 4 (سرعت انتقال تا 40 گیگابیت بر ثانیه),دارای پورت USB-A از نوع USB 3.0 دارای پورت Mini Display,اسلات کارت SDXC پورت HDMI پورت MagSafe 3 سه پورت Thunderbolt 4 (USB-C) با پشتیبانی از: شارژ کردن DisplayPort تاندربولت 4 (سرعت انتقال تا 40 گیگابیت بر ثانیه) USB 4 (سرعت انتقال تا 40 گیگابیت بر ثانیه)
پشتیبانی از USB3 Type-C,1,دارد,,
"پورت ""HDMI""",1,دارد,,
پورت 1394,1,دارد,,
پورت 2.0 USB,1,1 عدد,,
پورت AUX,10,✔️,✔️,✔️
پورت AUX (جک 3/5 میلیمتری),3,دارد,دارد,دارد
پورت D-Sub,1,ندارد,,
پورت DVI,5,❌,❌,ندارد
پورت ESATA/USB 2.0 COMBO,1,ندارد,,
پورت Ethernet,1,دارد,,
پورت FireWire 800,4,خیر,خیر,خیر
پورت HDMI,500,ندارد,دارد,1 عدد
پورت HDMi,8,دارد,دارد,ندارد
پورت LAN,10,دارد,دارد,دارد
پورت Lightning,1,ندارد,,
پورت Mini HDMI,35,ندارد,ندارد,ندارد
پورت RJ-11,3,ندارد,ندارد,ندارد
پورت RJ45 Ethernet,13,ندارد,ندارد,ندارد
پورت S-video,1,ندارد,,
پورت Serial,39,ندارد,خیر,ندارد
پورت Serial یا COM,1,❌,,
پورت Surface Connect,1,دارد,,
پورت Type C,2,دارد - 2 عدد,دارد - 1 عدد,
پورت Type-C,11,دارد,دارد,دارد
پورت USB,3,دارد,"2x USB3.2 Gen2, 1xType-C USB3.2 Gen2, 1x USB3.2 Gen1","1x 3.5mm جک صوتی ترکیبی
1x ROG XG رابط موبایل
1x USB 2.0 Type-A
1x USB 3.2 Gen 2 Type-C پشتیبانی از DisplayPort / تحویل برق / G-SYNC
1x Thunderbolt 4 پشتیبانی از DisplayPort / تحویل برق
1x کارتخوان (microSD)"
پورت USB (mini),1,دارد,,
پورت USB / ورژن و نوع,1,دارد / یک عدد درگاه USB 3.0 / یک عدد درگاه USB Type-C,,
پورت USB 2.0,77,ندارد,دو عدد,1 عدد
پورت USB 2.0 Gen1 Type-A,5,2 عدد,دارد,2 عدد
پورت USB 3,4,دارد,دارد,دارد
پورت USB 3.0,36,ندارد,ندارد,ندارد
پورت USB 3.0 Gen1 Type-A,10,دارد,3 عدد,2 عدد
پورت USB 3.1,9,یک عدد,یک عدد,2عدد
پورت USB 3.2,127,3 عدد,1 عدد,2 عدد
پورت USB 3.2 Gen1 Type-A,2,2 عدد,2 عدد,
پورت USB 4.0,33,دارد,ندارد,1 عدد
پورت USB Type A,2,1x USB 2.0 2x USB 3.2 Gen 2,دو پورت USB 3.1 Gen 1,
پورت USB Type C,2,1x USB Type C,دو پورت USB 3.1 Gen 1,
پورت USB Type-C,402,دارد,"1عدد, Thunderbolt 4",دارد
پورت USB Type-c,1,1عدد,,
پورت USB-A,1,2.0,,
پورت USB-C,18,یک عدد,یک عدد,1
پورت USB-c,3,دارد,دارد,دارد
پورت USB/ ورژن و نوع,2,دارد,دارد,
پورت USB2,73,1 عدد,2 عدد,1 عدد
پورت USB2.0,3,ندارد,ندارد,ندارد
پورت USB3,100,3 عدد,2 عدد,2 عدد
پورت USB3.0,1,ندارد,,
پورت USB3.1,1,2عدد,,
پورت USB3.2,2,3xType-A + 2xType-C (Thunderbolt),ندارد,
پورت eSATA USB 2.0,3,ندارد,ندارد,ندارد
پورت type-c,11,✔️,✔️,✔️
پورت اترنت,1,1x RJ-45,,
پورت تاندربولت,34,ندارد,ندارد,ندارد
پورت سیمکارت,3,ندارد,ندارد,ندارد
پورت صدا,3,جک 3.5 میلیمتری Combo,جک 3.5 میلیمتری Combo,جک 3.5 میلیمتری Combo
پورت لایتنینگ,2,ندارد,ندارد,
پورت مشترک هدفون/میکروفن,1,دارد,,
پورت مودم,1,دارد,,
پورت میکروفن,1,دارد,,
پورت ها,1,"2 عدد پورت Thunderbolt 3 / USB 4, پورت شارژ MagSafe 3",,
پورت ها و درگاه ها,1,"2 عدد پورت:, USB 4.0 (Thunderbolt 4 با پشتیبانی از تکنولوژِی), 1 عدد پورت:, Surface Connect port (درگاه شارژر سرفیس), 3.5mm headphone jack (درگاه انتقال صدا)",,
پورت ها.تعداد USB3.0,1,2.0,,
پورت ها.تعداد USB3.1,1,2.0,,
پورت ها.پورتHDMI,1,دارد,,
پورت های دستگاه,2,"پورت های ورودی و خروجی صدا, 2 عدد USB3, 1 عدد type c, 1 عدد HDMI, 1 عدد Ethernet","پورت های ورودی و خروجی صدا, 2 عدد USB3, 1 عدد type c, 1 عدد HDMI, 1 عدد Ethernet",
پورت های دیگر,3,"2x Type-A USB3.2 Gen2
1x SD Express Card Reader
1x RJ45","1x RJ45, 1x SD Express Card Reader",2x Type-A USB3.2 Gen2 1x SD Express Card Reader 1x RJ45
پورت هدفن,52,دارد,دارد,دارد
پورت هدفن (3.5 میل),3,دارد,دارد,دارد
پورت هدفون,1,دارد,,
پورت و درگاه ها,2,"- دو عدد پورت 3.2 Gen 2 USB-C, - دو عدد پورت USB 3.1, - HDMI 2.0 audio and video output, - RJ45, - جک هدفون 3.5 میلیمتری","2 × USB-A, (version 3.1 Gen 2), 1 × USB-C, (version 3.1 Gen 2 with USB Power Delivery revision 3.0), 3.5mm headphone jack, 2 × Surface Connect ports (یکی بر روی کیبورد، دیگری بر روی تبلت), Full-size SDXC card reader, Compatible with Surface Dial on- and off, -screen interaction (سازگار با سرفیس دایال)",
پورت کارتخوان,3,"microSD card reader, yes",yes,"MMC, SD, SDHC, SDXC, yes"
پورتHDMI,1,دارد,,
Thunderbolt,5,✖,2 عدد Thunderbolt 4) USB Type-C),✖
تاندربولت Thunderbolt,37,دارد,ندارد,ندارد
تاندرلولت(Thunderbolt),6,"پشتیبانی می کند, ,","پشتیبانی می کند, ,","پشتیبانی می کند, ,"
پشتیبانی از Thunderbolt,28,دارد,دارد,دارد
Card Description,8,Integrated,Dedicated,Dedicated
SD Card Reader,3,ندارد,دارد,دارد
SD Card Slot,1,Yes,,
SDXC card slot,1,1 عدد,,
کارت خوان (Card Reader),1,دارد,,
کشور سازنده,3,تایوان,آمریکا,آمریکا
کشورسازنده,91,تایوان,تایوان,تایوان
کشور برند,208,تایوان,چین,چین
Cache,3,3مگابایت,12M,6M
ظرفیت Cache,1,24 مگابایت,,
میزان Cache,1,"هسته های پر مصرف: L1i: 192KB, L1d: 128KB, L2: 16MB, هسته های کم مصرف: L1i: 128KB, L1d: 64KB, L2: 4MB, L3: 8MB",,
میزان کش,3,12 مگابایت,8 مگابایت,6 مگابایت SmartCache
مدل صفحه نمایش,1,IPS LED,,
Primary Camera Resolution,1,720 p,,
Rear Webcam Resolution,1,8 MP,,
رزولوشن دوربین جلو,1,720p HD f2.0,,
رزولوشن دوربین سلفی,1,5 مگاپیکسل,,
Standing screen display size,9,12.3 Inches,15.6 Inches,‎13 Inches
ابعاد صفحه نمایش,1,15.6 اینچ,,
ابعاد صفحه نمایش(Monitor),3,12 اینچ Full HD Touch Screen,صفحه نمایش 15 اینچ 4K,صفحه 15 اینچ FULL HD
ابعاد نمایشگر,45,15.6 اینچ,15.6 اینچ,15.6 اینچ
نسبت ابعاد صفحه نمایش,5,16:9,16:9,16:9
زبان حک شده بر روی صفحه کلید (کیبورد),92,انگلیسی,انگلیسی,انگلیسی
صفحه کلید اعداد,93,دارد,ندارد,ندارد
صفحه کلید با نور پس زمینه,32,ندارد,ندارد,ندارد
نور زیر صفحه کلید,1,دارد ( RGB ),,
نور صفحه کلید,155,ندارد,ندارد,ندارد
نور پس زمینه صفحه کلید,3,دارد,ندارد,دارد
نوع صفحه کلید,66,جزیره‌ای,جزیره‌ای,جزیره‌ای @ حروف حک شده فارسی
نوع نمایش نور کیبورد,243,White Backlit,Backlit,White Backlit
چراغ‌ پس زمینه صفحه کلید,27,RGB,RGB,RGB
نرخ بروز رسانی تصویر,1,227 پیکسل بر اینچ,,
نرخ بروزرسانی تصویر,102,144 هرتز,60 هرتز,60 هرتز
نرخ بروزرسانی نمایشگر,1,60Hz,,
نرخ به روزرسانی تصویر,1,120 هرتز,,
سیستم رنگ صفحه نمایش,1,sRGB Enhanced,,
Display,3,"""13.4 OLED 3.5K","17.3"" UHD (3840 x 2160) IPS, ,, anti-glare with Dolby Vision™, ,, HDR 400, 500 nits",13.3inches FHD touch x360
Display Resolution,1,1920x1080,,
Display Resolution Maximum,1,2736x1824 Pixels,,
Display Resolution Type,1,Full HD,,
Display Type,1,LED,,
Max Screen Resolution,8,2736x1824 Pixels,1920 x 1080 Pixels,1920 x 1080 Pixels
Mini-Display,66,❌,❌,❌
Screen Resolution,4,2736 x 1824,3240 x 2160,1920 x 1080 pixels
اندازه صفحه,5,14FHD 1920*1080,16 FHD,FHD 17
اندازه صفحه نمايش,1,15.6 اينچ,,
اندازه صفحه نمایش,564,13.3 اینچ,15.6 اینچ,17.3 اینچ
اندازه صفحه نمایش ,1,14 اینچ,,
اندازه صفحه نمایش (اینچ),37,18.0,13.3,16.1
اندازه صفحه‌نمایش,4,13.3 اینچ,13.3 اینچ,14 اینچ
اندازه نمایشگر,71,15.6 اینچ,15.6 اینچ,16.0 اینچ
تراکم پیکسل صفحه نمایش,5,227 پیکسل بر اینچ,227 پیکسل بر اینچ,227 پیکسل بر اینچ
توضیحات صفحه نمایش,71,"نسبت تصویر 16 به 10, روشنایی 400 nights, Wide Color P3, True Tone Technoloy",تراکم پیکسل 254 پیکسل در هر اینچ، توانایی نمایش یک میلیارد رنگ، فناوری True Tone، قابلیت ProMotion برای افزایش نرخ نوسازی تصویر تا 120 هرتز، کنتراست 1000000:1,نسبت تصویر 16:9 صفحه‌نمایش با قابلیت نمایش %45 دامنه رنگ‌های NTSC
تکنولوژی صفحه نمایش,18,TN,TN,IPS
تکنولوژی های صفحه نمایش,73,"صفحه نمایش مات
NVIDIA G-SYNC",صفحه نمایش مات Adaptive Sync DC Dimming Dolby Vision G-Sync,"16.1"" diagonal, QHD (2560 x 1440), 240 Hz, 3 ms response time, IPS, micro-edge, anti-glare, Low Blue Light, 300 nits"
تکنولوژی پنل صفحه نمایش,3,IPS,IPS,IPS
تکنولوژی‌های صفحه نمایش,1,True Color Technology,,
جزئیات صفحه نمایش,37,"16:10
نرخ نوسازی 240 هرتز
روشنایی 500nits
پوشش رنگ 100% DCI-P3
سرعت پاسخگویی 3ms",نرخ نوسازی 120 هرتز پوشش رنگ 100% sRGB 500 نیتس روشنایی نمایشگر صفحه نمایش لمسی,"نرخ نوسازی 240 هرتز
 روشنایی 300nits
عمق رنگ %100 sRGB 
زمان پاسخگویی 3ms"
حداکثر رزولوشن عکس,8,1280 x 720,1280*720,3840x2160
حداکثر وضوح تصویر,1,3840x2160,,
خروجی تصویر,2,رزولوشن 6K 60Hz,HDMI V2.1,
دقت (Resolution) صفحه نمایش,8,1920x1080,1920x1080,1920x1080
دقت / رزولوشن,34,1024 × 1536 | +HD,1080 × 1920 | FHD,1080 × 1920 | FHD
دقت صفحه نمايش,1,"HD, 1366×768",,
دقت صفحه نمایش,181,"QHD, 2560x1600",2.5K (2560 * 1664),Full HD| 1920 x1080
رده صفحه نمایش,4,رده 15 اینچ,رده 12 اینچ,رده 15 اینچ
رزولوشن,513,1920x1080,768 × 1366,1920x1200
رزولوشن تصویر,6,1024*1536,1504×2256,1664×2496
رزولوشن صفحه نمایش,55,1080 × 1920,1080 × 1920,1080 × 1920
رزولوشن نمایش,3,1024×1536,1080×1920,1080×1920
رزولوشن نمایشگر,1,4K | 3456 × 2234,,
رزولیشن صفحه نمایش,2,3456x2234 پیکسل,3024x1964 پیکسل,
روشنایی صفحه,1,500 نیت | نور پس زمینه LED | دامنه رنگ P3,,
روشنایی صفحه نمایش,31,500nit,1100NIT,300NITS
زمان پاسخگویی صفحه نمایش,1,ذکر نشده,,
سایر توضیحات صفحه نمایش,1,35.5cm (14 in) diagonal FHD SVA anti-glare slim LED-backlit non-touch (1920 x 1080),,
سایر قابلیت های صفحه نمایش,5,"صفحه نمایش مجهز به فناوری ProMotion، نرخ به‌روزرسانی 120 هرتز، روشنایی صفحه در حالت SDR تا 500 نیت در حالت XDR تا 1000 نیت و حالت HDR تا 1600 نیت، توانایی پخش 1 میلیارد رنگ، دارای کنتراست صفحه 1,000,000:1",نرخ روشنایی 500 نیت، توانایی پخش میلیون‌ها رنگ، صفحه ‌نمایش با طیف رنگی گسترده (P3)، صفحه نمایش با نور پس زمینه LED,نرخ روشنایی 400 نیت، مجهز به تکنولوژی True Tone، پوشش دامنه رنگی Wide Color (P3)
سایر قابلیت‌های صفحه نمایش,1,حداکثر روشنایی 300 نیت، نسبت ابعاد صفحه نمایش به بدنه 84 درصد، نسبت کنتراست 1000:1، زاویه دید 178 درجه، قابلیت محافظت از چشم (Eye Care),,
سایر مشخصات صفحه نمایش,5,- صفحه نمایش بدون بازتاب نور,Anti-Glare,Anti glare
سایر ویژگی های صفحه نمایش,2,قابلیت نمایش 1 میلیارد رنگ ، دارای فناوری True Tone technology,Touch 10 Point Multi-touch,
سایز صفحه,1,13.6 اینچ,,
سایز صفحه نمایش,21,17.3 اینچ,16.2 اینچ,15.6 اینچ
سایز صفحه نمایش (اینچ),238,15.6,15.6,16.0
سرعت تصویر,12,30fps,30fps,❌
سطح صفحه نمایش,76,براق,مات,مات
سطح صفحه نمایش مات,10,"دارد, ,","دارد, ,","دارد, ,"
صحفه نمایش مات,2,دارد,دارد,
صفحه اعداد,65,✔️,✔️,❌
صفحه تاچ,2,ندارد,no,
صفحه لمسی,3,ندارد,ندارد,بله
صفحه نمايش مات,1,دارد,,
صفحه نمايش.اندازه صفحه نمايش,1,17.3 اینچ,,
صفحه نمايش.توضيحات صفحه نمايش,1,"anti-glare, ,, نسبت تصویر 16:9",,
صفحه نمايش.دقت صفحه نمايش,1,"4K, Ultra HD, Ultra-High Definition | 3840×2160 px",,
صفحه نمايش.صفحه نمايش لمسي,1,no,,
صفحه نمايش.صفحه نمايش مات,1,yes,,
صفحه نمايش.نوع صفحه نمايش,1,LED backlight,,
صفحه نمایش,18,15.6 اينچ,15.6 inch,UHD+ - 16 inch - Touch
صفحه نمایش براق,1,دارد,,
صفحه نمایش جداشونده,1,ندارد,,
صفحه نمایش دوم,1,"با قابلیت لمسی, پشتیبانی از قلم",,
صفحه نمایش لمسی,604,خیر,ندارد,ندارد
صفحه نمایش مات,383,خیر,دارد,دارد
صفحه نمایش مات یا شیشه‌ای,8,مات,مات,مات
صفحه نمایش چرخشی,1,ندارد,,
صفحه نمایش.اندازه صفحه نمایش,9,15.6 اینچ,15.6 اینچ,"""15.6"
صفحه نمایش.توضیحات صفحه نمایش,1,"صفحه نمایش جدید 16 اینچی 500 nits brightness Wide color (P3) True Tone technology Refresh rates: 47.95Hz, 48.00Hz, 50.00Hz, 59.94Hz, 60.00Hz",,
صفحه نمایش.دقت صفحه نمایش,9,1080 × 1920 - FHD,1080 × 1920 | FHD,1920*1080 پیکسل
صفحه نمایش.صفحه نمایش لمسی,8,دارد,ندارد,ندارد
صفحه نمایش.صفحه نمایش مات,8,ندارد,دارد,دارد
صفحه نمایش.نوع صفحه نمایش,6,Super AMOLED,IPS LCD,LED IPS/120HZ
صفحه‌نمایش لمسی,5,✅,❌,❌
فرکانس صفحه نمایش,3,60 هرتز,60 هرتز,144 هرتز
فناوری صفحه نمایش,1,Liquid Retina XDR display,,
فیلتر صفحه نمایش,17,13.3 اینچ,15.0 اینچ,14 اینچ
قابلیت تاچ صفحه,2,دارد,دارد,
مشخصات صفحه نمایش,4,"15.6 اینچ FHD, 120 هرتز",FHD,14 اینچ - (1366x768 ) HD - روکش مات
مشخصات نمایشگر,1,"اندازه صفحه نمایش 14.4 اینچ, صفحه نمایش لمسی با قابلیت کار با قلم, رزولوشن: 1600 × 2400 (201 پیکسل در هر اینچ), نسبت تصویر: 3:2, نسبت کنتراست: 1500:1, نرخ تجدید: تا بیش از 120هرتز, قابلیت دریافت 10 لمس به طور همزمان, پشتیبانی از Dolby Vision",,
میزان روشنایی صفحه نمایش,29,220 نیت,300 نیت,250 نیت
نرخ بازسازی تصویر,3,120HZ هرتز,165HZ هرتز,120HZ هرتز
نرخ بازنشانی تصویر,1,60HZ,,
نرخ تازه سازی تصویر,6,144 هرتز,144 هرتز,60 هرتز
نرخ تصویر,356,144Hz,60Hz,165Hz
نرخ نوسازی تصویر,58,60 هرتز,60 هرتز,60 هرتز
نسبت تصویر,350,16:9,16:9,16:10
نمایشگر تاچ پد,99,ندارد,ندارد,Digital NumberPad
نوع صفحه نمايش,1,TFT LED-backlit LCD,,
نوع صفحه نمایش,371,IPS LED-backlit LCD,IPS,TFT LCD
نوع صفحه نمایش لپ تاپ,1,FHD,,
نوع نمایش تصویر,123,Wide View,Wide View,Wide View
نوع نمایشگر,4,IPS,IPS,IPS
نوع پنل صفحه نمایش,57,Liquid Retina,TN,TN
نوع پنل نمایشگر,37,ASUS NEBULA Display,IPS,IPS
هرتز صفحه نمایش,2,60Hz,250nits,
وضعیت صفحه نمایش,4,مات,مات,مات
وضوح تصویر,540,1080 × 1920 @ FULL HD,1920x1080 پیکسل - Full HD,WUXGA
وضوح صفحه,15,QHD+ (2560 x 1600),QHD+ (2560 x 1600),QHD (2560 x 1440)
وضوح صفحه نمایش,9,2.5K,2K (2560x1600),2K (2560x1600)
وضوح و نوع صفحه نمایش,3,Full HD (1920×1080) IPS,Quad HD (2560x1440) | IPS,Full HD (1920×1080) TN
ویژگی های صفحه نمایش,4,"Wide color (P3), قابلیت تنظیم اتوماتیک نور صفحه با محیط",روشنایی 1000 تا 1600 نیت,"Wide color (P3), قابلیت تنظیم اتوماتیک نور صفحه با محیط"
ویژگیهای صفحه نمایش,2,نمایش میلیون ها رنگ Wide Color P3 مجهز به تکنولوژی True Tone Technology نمایشگر بی نظیر Retina,نمایش میلیون ها رنگ Wide Color P3 مجهز به تکنولوژی True Tone Technology نمایشگر بی نظیر Retina,
پشتیبانی از نمایشگر خارجی,1,پشتیبانی از یک نمایشگر با وضوح 4K,,
پنل تصویر,420,IPS,TN,IPS
پوشش سطح صفحه نمایش,4,مات,مات,مات
پوشش صفحه نمایشگر,1,براق,,
پوشش نمایشگر,44,مات,مات,مات
کیفیت تصویر,2,QHD,2560X1600 uhd,
کیفیت صفحه,1,2560 در 1664,,
کیفیت صفحه نمایش,12,4K,2736 * 1824 پیکسل,HD
کیفیت نمایش,1,4K 3840*2160,,
گواهی های نمایشگر,133,anti-glare display,"anti-glare display, Low Blue Light, micro-edge","anti-glare display, Free-Sync"
گواهی‌ های نمایشگر,1,anti-glare display ،G-Sync ،Pantone Validated,,
سازنده و مدل کارت گرافیک,5,Geforce RTX 3050TI,Geforce RTX 3050,UHD
سازنده کارت گرافیک,16,Intel,NVIDIA,Gforce GDDR6
سازنده گرافیک,6,AMD,Nvidia,NVIDIA
سری کارت گرافیک,8,AMD Radeon,Nvidia Geforce,Intel HD
شرکت سازنده گرافیک,209,NVIDIA,NVIDIA,NVIDIA
مدل کارت گرافیک,18,Intel UHD Graphics,GeForce MX330,Gforce GDDR6 3060RTX
مدل گرافیک,267,NVIDIA GeForce RTX 3050,RTX 3070,RTX 3050
مدل گرافیک اختصاصی,1,GeForce® RTX™ 3050,,
مدل گرافیک مجزا,24,RTX3050Ti GDDR6,RTX3050 GDDR6,MX330 GDDR5
مدل گرافیک یکپارچه,56,M2 GPU (10 core),intel Iris Xe Graphics,intel UHD Graphic
External Graphics,1,Integrated,,
GPU,2,Intel HD Graphics 620,"8 هسته ای, یکپارچه شده با M2 (مدل 8C-8C), 10 هسته ای, یکپارچه شده با M2 (مدل 8C-10C)",
Graphic,1,NVIDIA® RTX™ A5000 with Max-Q 16GB,,
VGA,38,ندارد,ندارد,ندارد
vga,1,ندارد,,
بازه وات گرافیک,2,71 تا 90,71 تا 90,
برند تراشه گرافیکی,52,Apple,Apple,Nvidia GeForce
توان افزایشی گرافیک,4,145 وات,75 وات,95 وات
توان مصرفی گرافیک,1,85W,,
توان گرافیک,191,80 وات,85 وات,85 وات
توان گرافیکی,33,125 وات,115 وات,140 وات
توضیحات کارت گرافیک,1,RTX 3070,,
جزئیات GPU,1,"8 هسته Apple 256 EUs, 2048 ALUs (مدل 8C-8C), 10 هسته Apple 320 EUs, 2560 ALUs (مدل 8C-10C)",,
حجم و نوع کارت گرافیک,5,4GB GDDR6,4GB DDR6,UP TO 6GB
حجم گرافیک,235,8GB,UP TO 2GB,4GB
حجم گرافیک اختصاصی,80,4GB,2GB,2GB
حداکثر توان گرافیک,1,140 وات,,
ظرفیت اشتراکی گرافیک,8,Upto 2G,Upto 8G,Upto 2G
ظرفیت کارت گرافیک,3,Up to 2GB Share,2 گیگابایت DDR5,4 گیگابایت
ظرفیت گرافیک,9,"4G, 6G, 8G",512MB,ندارد
فرایند ساخت گرافیک,1,8NM,,
فرکانس پایه گرافیک,1,1238MHZ,,
فیلتر کارت گرافیک,17,بدون حافظه‌ی گرافیکی مجزا,6GB,بدون حافظه‌ی گرافیکی مجزا
مشخصات کارت گرافیک,37,دارای Advanced Optimus   وکلید MUX  و توان 175 وات و ROG Boost,دارای سوئیچ MUX و optimus و توان 40 وات و ROG Boost,دارای توان 140 وات و کلید mux و Max-Q و NVidia Studio
مشخصات گرافیک,2,"سازنده پردازنده گرافیکی : intel, مدل پردازنده گرافیکی : HD Graphics 520, حافظه اشتراکی پردازنده گرافیکی : 4 گیگابایت","سازنده پردازنده گرافیکی : intel, مدل پردازنده گرافیکی : HD Graphics 520, حافظه اشتراکی پردازنده گرافیکی : 8 گیگابایت",
معماری گرافیک,1,Ampere,,
نسخه گرافیک,1,8GB RTX 3070 Ti,,
نوع کارت گرافیک,3,geforce,GEFORCE RTX 3050,Radeon Graphic
نوع گرافیک,307,GeForce,UHD,GeForce
کارت گرافیک,12,Intel HD Graphics 300,Intel Iris Xe Graphics,Nvida MX350
کارت گرافیک :,1,NVIDIA RTX 3070TI 8G,,
کارت گرافیک آنبرد,1,Intel Iris Xe Graphics,,
گرافیک,15,2گیگابایت,38 هسته,4GB Nvidia
گرافیک اصلی,1,دارد,,
گرافیک انبرد,1,دارد,,
گرافیک یکپارچه/آن‌بُرد,66,Intel UHD Graphics,Intel UHD Graphics,Intel Iris Xe Graphics eligible
شارژ سریع,12,ندارد,ندارد,ندارد
قابلیت شارژ سریع,2,دارد,دارد,
مدل باتری,2,100 وات لیتیوم-پلیمر,70 وات لیتیوم-پلیمر,
مدل شارژر,2,آداپتور 140 وات,آداپتور 67 وات,
Battery Size,1,4800 mAh,,
Average Battery Life,1,7 Hours,,
Average Battery Life (in hours),6,6 Hours,15.5 Hours,8.5 Hours
Battery,1,Li-ion 57Wh 3cell Run Time Up To 15.25 hours,,
Battery Type,1,Lithium ion,,
Voltage,1,120 Volts,,
اندازه باتری,1,56Wh,,
باتری,44,2 سلولی با ظرفیت 38 وات ساعت,دارد,"3Cell Li-Polymer, 48Wh"
باتری جداشدنی,1,خیر,,
باتری قابل تعویض,1,ندارد,,
باتری/ ظرفیت باتری,5,دارد / تا ۱۱.۵ ساعت کار روزمره,دارد / 42 وات ساعت,دارد
بازدهی باتری,2,استفاده حداکثر تا 4.5 ساعت,سه سلولی با ظرفیت ۵۳.۸ وات-ساعت,
باطری,1,"ظرفیت باطری:, ۵۱.۵ وات ساعت, کارکرد باتری:, تا ۱۶ ساعت استفاده معمول از دستگاه, مدت زمان باطری برای شارژ شدن:, ۰ تا ۸۰٪ حدود ۱ ساعت با پشتیبانی فست شارژ",,
تعداد سلول باتری,6,3 سلولی,"3 سلولی, 48 وات","3 سلولی, 45 وات"
توان باطری,3,53.5wh,57.5wh,41wh
توان شارژر,27,65 وات,240 وات,135 وات
توضیحات باتری,146,باتری لیتیوم پلیمر با ظرفیت 49.9 وات ساعت,با ظرفیت 58 وات ساعت,باتری با ظرفیت 35 وات ساعت
جنس باتری,92,لیتیوم یون,لیتیوم یون,لیتیوم یون
جنس باطری,208,لیتیوم یون,لیتیوم پلیمر,لیتیوم پلیمر
حجم باتری,3,60WHr Integrated Battery,"92Wh, 8-cell, Lithium Ion - باتری نیاز به تعویض دارد",72 Whr
دوام باتری,3,حدود 2 ساعت,حدود 2 ساعت,حدود 2 ساعت
دوام شارژ باتری,10,"1 الی 3 ساعت, ,","2 الی 4 ساعت, ,","2 الی 4 ساعت, ,"
سایر قابلیت های باتری,2,پشتیبانی از شارژ سریع 96 واتی,پشتیبانی از شارژ سریع 67 واتی,
سایر قابلیت‌های باتری,3,توان شارژر 200 وات,توان شارژر 200 وات,توان شارژ 45 وات
سایر مشخصات باتری,1,"توان خروجی: 57 وات بر ساعت, جنس: لیتیوم یونی",,
سایر مشخصات.توان باتری,1,80WH,,
سایر مشخصات.توضیحات باتری,2,۴۱ وات‌ساعت,باتری لیتیوم پلیمر با ظرفیت 100 وات ساعت,
سایر مشخصات.حجم باتری,1,باتری با ظرفیت 68 وات‌ساعت (شارژ سریع 65 وات),,
سایر مشخصات.شارژدهی باتری,5,3 تا 5 ساعت,1 الی 3 ساعت,2 الی 4 ساعت
سایر مشخصات.شارژر,1,135WATT,,
سایر مشخصات.نوع باتری,7,3 سلولی,3 سلولی,Lithium Ion
سایز باتری,1,45.8Wh,,
سلول باتری,4,چهار سلولی لیتیومی ۳ تا ۶ ساعت,باتری 4 سلولی لیتیوم یونی,باتری 6 سلولی لیتیوم یونی
شارژ دهی باطری,1,1الی3 ساعت,,
شارژدهی,2,ذکر نشده,تا 18 ساعت نمایش ویدیو | تا 15 ساعت وب گردی,
شارژدهی باتری,204,حداکثر تا 15 ساعت برای وب گردی ساعت,1 تا 2 ساعت,تا 5:00 ساعت ساعت
شارژدهی باتری ,1,خوب,,
شارژر,2,330 وات,65Watt,
شارژر / باتری,2,"باتری اصلی :, 76WHrs, 4S1P, 4-cell Li-ion, منبع تغذیه :, 180W AC Adapter, Output: 20V DC, 9A, 180W, Input: 100~240V AC, 50/60Hz universal","باتری اصلی :, 4cell (53Whr), منبع تغذیه :, 150W Slim",
ظرفیت باتری,204,45WHr,35 وات ساعت,48Whr
ظرفیت باتری (Wh),37,90.0,56.0,83.0
ظرفیت شارژر,77,330 وات سریع,330 W power adapter,230 W Smart AC power adapter
ظرفیت و نوع باتری,13,2Cell 32WHr,2Cell 37WHr,3Cell 52.5WHr
ظرفیت و نوع باطری,102,3Cell 48WHr,3Cell 40WHr,3Cell 40WHr
عمر باتری,7,1 الی 2 ساعت,4 الی 7 ساعت,شارژدهی تا ۴ ساعت
عمر باتری در هربار شارژ,1,در زمان اتصال به کیبورد: تا بیش از 17.5 ساعت با استفاده های بهینه,,
فناوری باتری,66,Li-Polymer,Li-Polymer,Li-ion
قابلیت جدا شدن باتری,3,ندارد,ندارد,ندارد
قابلیت جدا شدن باطری,142,ندارد,ندارد,ندارد
قابلیت جداسازی باتری,50,ندارد,ندارد,ندارد
قابلیت های شارژ,1,قابل شارژ شدن با پاوربانک 5-20V,,
مدت زمان مورد نیاز برای شارژ باتری,1,1.50 ساعت,,
مشخصات باتری,8,باتری لیتیوم پلیمری با ظرفیت 70 وات ساعت,باتری لیتیوم پلیمری با ظرفیت 58.2 وات ساعت,باتری لیتیوم پلیمری با ظرفیت 49.9 وات ساعت
مشخصات باطری,3,"/Up to 15 hrs 15 mins (solid state drive)HP Long Life 3-cell, 51 WHr Li-ion polymer (Supports HP Fast Charging with 65 W AC Adapte)",Lithium-Ion45Wh,لیتیوم یون / 4 سلول / 54 وات ساعت
مشخصات شارژر,3,وزن شارژر: 0.22 کیلوگرم,65 وات - اتصال از طریق USB-C,"شارژر 60 وات به همراه پورت شارژر USB-A با قدرت 5 وات برای شارژ تلفن همراه, (در مجموع 65 وات)"
میزان حدودی شارژدهی باطری,98,1 الی 3 ساعت,1 الی 3 ساعت,1 الی 3 ساعت
میزان شارژ دهی,216,2 الی 3 ساعت,1 تا 2 ساعت,1 الی 3 ساعت
میزان شارژدهی,73,2 الی 4 ساعت,2 الی 4 ساعت,2 الی 4 ساعت
نوع باتري,8,3 سلولی,4 سلولي,6 سلولي
نوع باتری,369,3 سلولی,لیتیوم یونی 3 سلولی,لیتیوم یون
نوع باتری / قابل تعویض توسط کاربر,5,دو سلولی / لیتیوم یونی / خیر,سه سلولی / لیتیوم یونی / خیر,سه سلولی
نوع باتری/ قابل تعویض توسط کاربر,37,2 سلولی لیتیوم پلیمری,4 سلولی لیتیوم یونی,3 سلولی
نوع باطری,5,3 سلولی / لیتیوم یونی,لیتیوم یونی,لیتیوم یونی
وضعیت باتری,2,سالم,سالم,
ویژگی های باتری و شارژر,32,4 سلولی از نوع یون لیتیم,4 سلولی از نوع یون لیتیم,6 سلولی از نوع یون لیتیم
کارکرد باتری,6,عالی,8 تا 10 ساعت,2 الی 4 ساعت
Country of Origin,1,China,,
سازنده اسپیکر,3,بلندگوهای داخلی استریو با فناوری Dolby® Audio ساخت شرکت Harman Kardon,ASUS SonicMaster Technology by Harman Kardon,ASUS SonicMaster Technology by Harman Kardon
Brand,9,Microsoft,Razer,Apple
Chipset Brand,9,Intel,NVIDIA,Intel
Series,8,Surface Pro 6,Blade 15,HP Pavilion Gaming Laptop 15-dk0042nr
برند و سازنده,1,اچ پی / HP,,
برند و سری,2,"ASUS, ,, ایسوس سری راگ استریکس ASUS ROG Strix",MSI,
سازنده,73,INTEL,INTEL,Intel
سازنده تراشه,1,NVIDIA,,
سازنده محصول,2,اچ پی,مایکروسافت,
سری,5,Gemini Lake Refresh,Alienware M17 R4,Core i7
سری AMD,1,Ryzen 5,,
سری Intel,1,i3,,
سری دستگاه,1,LEGION,,
سری ساخت,4,ASUS ROG,ASUS ROG,Toshiba Sattelite
سری لپ تاپ,41,Ideapad 3,Macbook pro m2,Vivobook
سری لپ تاپ ASUS,2,M,G,
سری لپ تاپ Apple,1,مک بوک پرو,,
سری لپ تاپ MSI,1,Sword,,
سری محصول,2,TUF,VivoBook,
سری کالا,66,IdeaPad Gaming 3 15IAH7,Legion 5 15ITH6H,ROG Zephyrus M16
شرکت سازنده,104,NVIDIA,NVIDIA,NVIDIA
شرکت سازنده لپتاپ,1,MSI,,
مدل,286,12650H,600,6800H
مدل ,1,hp probook 640g2,,
مدل سرفیس,1,Surface Laptop 3,,
مدل لپ تاپ,4,Asus Rog  G55v,Toshiba Satellite A505,Toshiba Satellite C660
مدل کالا,67,82S900WLAX,82JH003VAX,GU603ZM-K8045
نام مدل,8,Dell G15 5515,MSI Pulse GL66 11UCK-1274XRO,ASUS ROG G531GT
نسل و مدل,1,Intel 13th Gen/ GeForce 40 series,,
نوع و مدل لپ تاپ,2,Asus ROG Zephyrus G14 GA401QM-211.ZG14,MSI Pulse GL66 11UCK-1274XRO,
کارخانه سازنده,1,اچ پی HP,,
WIFI/ BT,1,"Bluetooth® 5.0 vPro, ,, Intel Wi-Fi 6E AX210 11AX (2×2)",,
WiFi,44,دارد,دارد,دارد
Wifi,2,دارد,دارد,
Wireless Type,9,802.11a/b/g/n/ac,802.11a/b/g/n/ac,‎2.4 GHz Radio Frequency
wifi,11,✔️,✔️,✔️
امکانات.توضيحات شبکه بي سيم Wi-Fi,1,"Intel Dual Band Wireless-AC 8260, ,, Miracast",,
امکانات.توضیحات شبکه بی سیم Wi-Fi,1,802.11ac Wi‑Fi wireless networking IEEE 802.11a/b/g/n compatible,,
امکانات.شبکه بي سيم Wi-Fi,1,yes,,
امکانات.شبکه بی سیم Wi-Fi,8,دارد,دارد,دارد
توضیحات شبکه Ethernet,2,10/100/1000,10/100/1000 Mbps,
توضیحات شبکه WiFi,1,Wi-Fi 6(802.11ax),,
توضیحات شبکه بی سیم,2,802.11ax,802.11ax,
توضیحات شبکه بی سیم Wi-Fi,32,"802.11ax Wi-Fi 6 wireless networking, IEEE 802.11a/b/g/n/ac compatible",802.11b/g/n,802.11b/g/n
توضیحات شبکه بی سیم WiFi,1,Wi-Fi 6 AX201 (2x2) Wi-Fi Bluetooth 5.1,,
شبکه Ethernet,3,ندارد,ندارد,دارد
شبکه LAN,4,ندارد,ندارد,دارد
شبکه Wi-Fi,48,دارد,دارد,دارد
شبکه WiFi,4,دارد,دارد,دارد
شبکه Wifi,3,دارد,دارد,دارد
شبکه اترنت (Ethernet),5,دارد,Mini RJ45,ندارد
شبکه بي سيم,10,802.11 a/b/g/n,802.11ac Wi-Fi wireless networking; IEEE 802.11a/b/g/n compatible,802.11ac
شبکه بی سیم,1,دارد,,
شبکه بی سیم Wi-Fi,127,دارد,بله,دارد
شبکه بی سیم WiFi,2,802.11ax Wi-Fi 6 wireless networking IEEE 802.11a/b/g/n/ac compatible,802.11ax Wi-Fi 6 wireless networking IEEE 802.11a/b/g/n/ac compatible,
شبکه بی سیم wi-fi,1,بله,,
شبکه بی سیم wireless,4,802.11b/g/n,802.11b/g/n,دارد
شبکه بیسیم WiFi,200,دارد,Wi-Fi 6(802.11ax) (Dual band) 2*2,دارد
شبکه بی‌سیم WIFI,3,دارد,دارد,دارد
شبکه بی‌سیم Wi-Fi,1,دارد,,
شبکه بی‌سیم WiFi,18,دارد,Wi-Fi 802.11 a/b/g/n/ac/6,دارد
شبکه ها,1,"Wi-Fi 6: 802.11ax compatible, Bluetooth Wireless 5.1 technology, Xbox Wireless built-in",,
شبکه وایرلس,13,"دارد, ,","دارد, ,","دارد, ,"
شبکه وایرلس Wi-Fi,8,دارد,دارد,دارد
شبکه وایرلس Wi-Fi / ورژن,4,Wi-Fi 5(802.11ac),دارد – ۸۰۲.۱۱ax Wi-Fi 6 wireless networking,MediaTek Wi-Fi 6 MT7921 (2x2)
شبکه وایرلس Wi-Fi/ ورژن,1,Wi-Fi 6(802.11ax),,
شبکه‌ی بی‌سیم,4,✅,✅,✅
مشخصات شبکه بی سیم,1,Bluetooth 4.0 Wireless Technology 802.11ac Wi-Fi Wireless Network (802.11 a/b/g/n),,
مشخصات شبکه بی سیم Wi-Fi,2,Wi-Fi 6 (802.11 ax),"802.11ac, Wi-Fi 5",
مشخصات شبکه بیسیم,1,"RTL 8821CE, حداکثر سرعت انتقال 433Mbps, پشتیبانی از باندهای فرکانسی 2.4GHz و 5GHz, استانداردهای وایرلس:, WiFi 802.11b/g, Wi-Fi 4 (Wi-Fi 802.11n), Wi-Fi 5 (Wi-Fi 802.11ac)",,
موتور شبکه عصبی,1,"16 هسته, 15.8 تریلیون عملیات در ثانیه",,
نوع شبکه بی سیم,1,Wifi 802.11 ac,,
وای فای (WIFI),102,(Wi-Fi 6 (802.11ax,دارد,دارد
وایرلس,3,Killer AX1650 802.11ax Wi-Fi,Intel AX210 Wireless Card,Wi-Fi 6: 802.11ax compatible
ورژن شبکه Wi-Fi (وایرلس),27,Wi-Fi 6 802.11 ax 2x2,Wi-Fi 6E,802.11ax (2×2) @ Wi-Fi 6
کارت شبکه بیسیم (WiFi),1,دارد,,
Camera Type,1,Primary Camera,,
امکانات.توضیحات وبکم,1,720p FaceTime HD camera,,
امکانات.وبکم,9,دارد,دارد,دارد
تعداد لنز دوربین,1,2.0,,
توضیحات وبکم,75,720p FaceTime HD camera,HD(720P),VGA Web Camera
دوربين,11,720p HD,720p HD,720p HD
دوربین,1,"دوربین سلفی:, 5.0MP front-facing camera with 1080p HD video, دوربین اصلی:, ۱۰ مگاپیکسل با قابلیت اتوفوکس – 1080p و 4k",,
دوربین / مالتی مدیا,1,"Windows Hello face authentication camera (front-facing), (دوربین جلو مجهز به قابلیت تشخیص چهره برای احراز هویت), 5.0MP Front-Facing camera with 1080p full HD video (دوربین جلو), 8.0MP Rear-Facing Autofocus camera with 1080p HD video (دوربین پشت), Dual far-field Studio Mics, Front-facing stereo speakers with Dolby Atmos",,
دوربین اصلی,6,8 مگاپیکسل,8 مگاپیکسل,بدون دوربین
دوربین سلفی,7,Widescreen HD (720p) 2.25mm,5 مگاپیکسل,720p HD f2.0
دوربین و صدا,1,"Windows Hello face authentication camera (front-facing), (دوربین جلو مجهز به قابلیت تشخیص چهره برای احراز هویت), 1080p resolution front facing camera, Dual far-field Studio Mics, Quad Omnisonic Speakers with Dolby Atoms",,
دوربین وبکم,2,دارد,دارد,
دیگر ویژگی های وبکم,1,"720P, HD",,
سایر قابلیت های وبکم,4,دوربین مجهز به پردازشگر پیشرفته تصویر با واحد محاسباتی,دوربین مجهز به پردازشگر پیشرفته تصویر دارای واحد محاسباتی,دوربین مجهز به پردازشگر پیشرفته تصویر با واحد محاسباتی
سایر قابلیت‌های وبکم,1,دوربین پاپ آپ (Pop-Up)، کیفیت فیلمبرداری (720× 1280) HD,,
مشخصات دوربین جلو,1,5.0 MP Front-Facing 8.0 MP Rear-Facing Autofocus with 1080p HD Video Recording / Dual,,
مشخصات وبکم,3,720p HD camera,HD 720P,"نوع: HD RGB, نوع سنسور: CMOS sensor technology, کیفیت عکس: 0.92 مگاپیکسل, کیفیت فیلم: HD (720p 30 fps)"
نوع وبکم,65,HD 720p @ مجهز به دریچه حفظ حریم شخصی,720p @ مجهز به دریچه حریم شخصی E-camera,720P HD IR Camera
وبکم,489,دارد,دارد,دارد
وبکم WebCam,8,دارد,دارد,دارد
ویژگیهای دوربین,2,1080p FaceTime HD camera,1080p FaceTime HD camera,
کیفیت دوربین,1,ندارد,,
کیفیت فیلمبرداری دوربین سلفی,1,1080P,,
ابعاد،بدنه و رنگ لپ تاپ,1,"طول x عرض x ارتفاع HxWxD :, ابعاد: 14.13in x 10.20in x 0.94in, رنگ: Titanium Gray, توضیحات بدنه: Titanium Gray",,
Item Dimensions  LxWxH,1,21.5 x 12 x 3 inches,,
Item Dimensions LxWxH,7,12.72 x 9.07 x 1.91 inches,13.98 x 0.78 x 9.25 inches,7.87 x 12.59 x 0.59 inches
Product Dimensions,8,12.72 x 9.07 x 1.91 inches,13.98 x 0.78 x 9.25 inches,21.5 x 12 x 3 inches
Screen Size,10,12.3 Inches,15.6 Inches,13 Inches
Size,1,mm 317.5 x 218.4 x 15.2,,
ابعاد,473,طول: 359.6 میلیمتر | عرض: 266.4 میلیمتر | ضخامت: 21.8 میلیمتر,304.1x212.4x16.1 میلی‌متر,22.1 × 269 × 399 میلی متر
ابعاد (طول × عرض × ارتفاع),13,0 x 0 x 0,0 x 0 x 0,0 x 0 x 0
ابعاد (میلی متر),102,359.8x256x24.9,363.4x238.4x19.9,363.4x238.4x19.9
ابعاد (میلیمتر),359,354x251x20.7,362.2×253.4×19.9,359.6x277.8x20.9
ابعاد (میلی‌متر),12,"22.9 × 254.5 × 363.4, ,","11.1 × 212.4 × 304.1, ,","23 × 248 × 369.2, ,"
ابعاد دستگاه,1,31.242x23.215x1.27-2.286 سانتیمتر,,
ابعاد لپ تاپ,1,"طول x عرض x ارتفاع HxWxD :, 32.51x 22.1 x 1.78 cm;",,
ضخامت,1,26.92 میلیمتر,,
ضخامت (میلیمتر),37,30.8,12.9,23.5
فیزیکی.ابعاد,6,278.18*205.67*15.69,308 mm x 223 mm x 14.5 mm,14.69 × 244 × 339.5 میلیمتر
مشخصات فيزيکي.ابعاد,1,in mm : 11.5 x 357 x 235,,
مشخصات فیزیکی.ابعاد,1,355*19*234میلیمتر,,
مشخصات کلی.ابعاد,8,11.9 × 227.97 × 354.85 میلی‌متر,۳۵۷.۲۶x۲۷۲.۱۱x۲۵.۳۳ میلی متر,36×23.3×2.03 سانتی متر
نسبت ابعاد,4,3:2,16:10,16:10
Item Weight,8,3.53 pounds,8.93 pounds,4.92 pounds
Product Weight,1,1.25 kg,,
Weight,2,1.4Kg,1.28KG,
مشخصات فيزيکي.وزن,1,3 کیلوگرم,,
مشخصات فیزیکی.وزن,1,2.12 کیلوگرم,,
مشخصات کلی.وزن,8,1.39 کیلوگرم,۲.۸۱ کیلوگرم,1.8 کیلوگرم
وزن,476,2.31 کیلوگرم,1.29 کیلوگرم,2.6 کیلوگرم
وزن ,1,1.95,,
وزن (kg),98,2.3kg,2.3kg,2.5kg
وزن با بسته بندی,1,520 گرم,,
وزن تقریبی,1,2.80 کیلوگرم,,
وزن تقریبی کالا,1,1.53 کیلو گرم,,
وزن خالص,1,500 گرم,,
وزن دستگاه,1,2.7 کیلوگرم به همراه شارژر,,
وزن لپ تاپ,2,"شروع وزن استاندارد لپ‌تاپ از :, 1.7kg کیلوگرم, وزن محصول با افزایش قطعات بالاتر خواهد رفت.","شروع وزن استاندارد لپ‌تاپ از :, 2.08kg کیلوگرم, وزن محصول با افزایش قطعات بالاتر خواهد رفت.",
وزن لپ ‌تاپ,1,3.3 کیلوگرم,,
وزن کالا,4,1.5 کیلوگرم,1.6 کیلوگرم,2.3 کیلوگرم
اسپیکر,148,2 عدد، Dolby Audio,استریو دوگانه,بلندگوهای استریو داخلی
اسپیکر داخلی,1,دارد,,
امکانات.مشخصات اسپيکر,1,Realtek High Definition Audio,,
امکانات.مشخصات اسپیکر,5,بلندگوی داخلی توسعه داده شده توسط AKG با پشتیبانی از Dolby Atmos,دو عدد اسپیکر داخلی,استریو
بلند گوی داخلی,2,دارد,دارد,
بلندگو,14,"دو عدد 2 وات, بلندگوهای استریو حرفه ای",بلندگوهای داخلی استریو,"2 x Integrated Speaker, 2 x Integrated Microphone"
بلندگو (اسپیکر),2,6 بلندگو,6 بلندگو,
بلندگو داخلی,66,2×,2×,4×
بلندگو(اسپیکر),3,اسپیکر استریو,"2x 2.5W, Waves MaxxAudio Pro / تکنولوژی اختصاصی دل، خروجی صدای شفاف و با کیفیت","Stereo speakers with Realtek ALC3254, 2 x 2.5 W Dual-array microphones"
تعداد اسپیکر,301,2 عدد,2 عدد,2 عدد
قدرت بلندگو,51,2 وات,2 وات,2 وات
مشخصات speakers,3,WAVE MAX AUDIO,بلندگوهای استریو داخلی,دارد
مشخصات اسپیکر,235,بلندگوهای استریو داخلی,"Dolby Atmos, Wide stereo sound",بلندگوهای استریو داخلی با فناوری SonicMaster
مشخصات بلندگوها,1,سیستم صوتی ساخت کمپانی Bang & Olufsen با چهار بلندگو و تکنولوژی HP Audio Boost برای ایجاد صدایی بسیار با کیفیت و فراگیر,,
مشخصات کلی اسپیکر,1,Smart AMP technology,,
نوع اسپیکر,302,Dolby Atmos,Omnisonic Speakers with Dolby,Nahimic Audio
ویژگی اسپیکر,1,پشتیبانی از Dolby Atmos,,
ویژگیهای اسپیکر,2,6 بلندگو با کیفیت بالا با ووفرهای عالی قابلیت پخش صدای استریو و گسترده بلندگوها با استفاده از فناوری Dolby Atmos، صدای فضایی را در هنگام پخش موسیقی یا ویدیو به گوش شنونده می‌رسانند همچنین هنگام استفاده از ایرپاد، ایرپاد پرو و ایرپاد مکس، با استفاده از سیستم ردیابی سر پویا، صدایی سه بعدی پخش می‌کنند,6 بلندگو با کیفیت بالا با ووفرهای عالی قابلیت پخش صدای استریو و گسترده بلندگوها با استفاده از فناوری Dolby Atmos، صدای فضایی را در هنگام پخش موسیقی یا ویدیو به گوش شنونده می‌رسانند همچنین هنگام استفاده از ایرپاد، ایرپاد پرو و ایرپاد مکس، با استفاده از سیستم ردیابی سر پویا، صدایی سه بعدی پخش می‌کنند,
کنترلر صدا و اسپیکر,2,"Smart Amp Technology, Audio by Dolby Atmos, AI mic noise-canceling, Built-in array microphone, 2x 0.7W tweeter, 2x 2.5W speaker with Smart Amp Technology","Nahimic Hi-Res Audio, Speakers 2W * 2",
Operating System,10,Windows 10 Home,Windows 10,Windows 10 Home
Operating System Version,1,Windows 10 Pro,,
انتخاب سیستم عامل,2,نصب ویندوز و نرم افزار بصورت رایگان + 3 سال گارانتی نرم افزاری شرکت آیسوسیران,نصب ویندوز و نرم افزار بصورت رایگان + 3 سال گارانتی نرم افزاری شرکت آیسوسیران,
توضیحات سیستم عامل,17,Big Sur,نسخه 64 بیتی Professional,Endless OS
ساير مشخصات.توضيحات سيستم عامل,1,قابلیت نصب ویندوز 8.1 / ویندوز 10 / و نسخه های مختلف لینوکس,,
ساير مشخصات.سيستم عامل,1,ویندوز 10,,
سایر مشخصات.توضیحات سیستم عامل,3,امکان نصب ويندوز ۱۰ و ۱۱,قابلیت نصب windows ۱۰,Catalina
سایر مشخصات.سیستم عامل,8,DOS,بدون سیستم عامل,ندارد
سيستم عامل,12,Microsoft Windows 10,Microsoft Windows 10,Microsoft Windows 10
سیستم عامل,674,❌,Apple Mac OS,ندارد
سیستم عامل لپتاپ,2,بدون سیستم عامل,Windows 11 Home 64 bit,
سیستم عامل نصب شده,3,Windows 10 Pro,Windows 10 Pro,Windows
مشخصات سیستم عامل,6,Windows 10 Home chinese language,Windows 11 Home,Windows 10 Home 64-bit
نسخه سیستم عامل,19,macOS Big Sur,macOS Big Sur,macOS Big Sur
نوع سیستم عامل,4,Windows 10,Windows 10,Windows 10
پشتیبانی از سیستم عامل,1,Windows 11,,
مناسب کاربری گیمینگ,12,می باشد,می باشد,می باشد
گیمینگ,1,بله,,
KEYBOARD BACKLIGHT,1,دارد,,
Keyboard Language,1,English,,
امکانات کیبورد,5,کیبورد TrueStrike جدید لنوو,کیبورد TrueStrike جدید لنوو,کیبورد TrueStrike جدید لنوو
امکانات.کيبورد با نور پس زمينه,1,"برخی مدل ها فاقد نور پس زمینه, ,, yes",,
امکانات.کیبورد با نور پس زمینه,7,دارد,دارد,دارد
حروف حک شده کیبورد,2,انگلیسی,انگلیسی,
زبان کیبورد,1,انگلیسی,,
مشخصات ویژه برای کیبورد,1,دارای کیبورد مغناطیسی با نور RGB و تاچ پد,,
مشخصات کیبورد,6,"- کیبورد QWERTY, - ردیف کامل از دکمه های (F1–F12) Function",HP Premium Keyboard/ Spill resistant with drain /All-metal keyboard deck /Backlit (optional)/ HP Dura Keys (optional),همراه با نور پس زمینه
مشخصات کیبورد دستگاه,1,"کیبورد QWERTY, دارای دکمه های کامل F1 تا F12, دکمه ویندوز ، دکمه کنترل موسیقی ، دکمه تنظیم نور صفحه نمایش, صفحه کلید با نور پس زمینه",,
نور صفحع کلید,4,تک رنگ,تک رنگ,تک رنگ
نور پس زمینه کیبورد,69,دارد,خیر,ندارد
نور پس ‌زمینه کیبورد,1,Per-Key RGB,,
نور کلید,1,RGB,,
نور کیبورد,1,دارد,,
نورپس زمینه کیبورد - Backlit,3,دارد,دارد,دارد
نوع کیبورد,3,مجیک کیبورد,چیدمان QWERTY با کلیدهای عملکردی (F1 – F12),مجیک کیبورد
نوع کیبورد لپتاپ,1,با نور پس زمینه,,
ویژگی قلم و کیبورد استاندارد,1,پشتیبانی از سیگنال های لمسی با Surface Pen پشتیبانی از پروتکل مایکروسافت پن (MPP),,
کیبورد,18,US-KB-Layout,استیل سریز مکانیکال از نوع Cherry,US-KB-Layout
کیبورد با نور زمینه,53,RGB,RGB برای هر کلید,RGB
کیبورد با نور پس زمینه,201,دارد,دارد,دارد
کیبورد با نور پس‌ زمینه,38,ندارد,دارد,ندارد
کیبورد با نور پس‌زمینه,13,دارد (White Backlit),دارد,ندارد
کیبورد سازگار استاندارد,1,کیبورد متصل به دستگاه,,
کیبورد فارسی,5,ندارد,ندارد,ندارد
رفرش ریت,13,60 هرتز,60 هرتز,60 هرتز
رفرش ریت (نرخ تازه سازی),10,"60 هرتز, ,","144 هرتز, ,","165 هرتز, ,"
سرعت رفرش,3,"144HZ, 300HZ, 60HZ",144HZ,144HZ
نرخ بروزرسانی,1,60 هرتز,,
نرخ به‌روزرسانی,20,60Hz,144Hz,144Hz
Color,7,Platinum,Black,Black
انتخاب رنگ,2,مشکی,نقره ای,
تعداد رنگ,4,16 ميليون رنگ,16 ميليون رنگ,16 ميليون رنگ
رنگ,259,خاکستری نوک مدادی,خاکستری پلاتینی,خاکستری (Eclipse Grey)
رنگ ,1,مشکی,,
رنگ بدنه,2,مشکی,مشکی,
رنگ بندی,86,خاکستری,مشکی,خاکستری
رنگ لپ تاپ,8,صورتی,مشکی,مشکی
رنگبندی,1,نقره ای,,
طیف رنگی,3,DCI-P3 100%,100% sRGB Anti-Glare,100% sRGB
عمق رنگ,1,-,,
پوشش رنگ,40,100% DCI-P3,100% DCI-P3,100% sRGB
ASIN,9,B07HZNKGDV,B087LW2KFG,B07SHMYZ2B
Adobe RGB,63,47.34%,47.1%,47.34%
Batteries,8,1 Lithium Polymer batteries required.,1 Lithium Ion batteries required.,1 Lithium Ion batteries required.
Best Sellers Rank,8,"#41,180 in Electronics","#35,165 in Computers & Accessories","#18,089 in Computers & Accessories"
Bluetooth,41,✔,دارد,دارد
Capacity,3,9th Gen i7-9750H,1TB,"15.6"", 16GB DDR4, 512GB SSD"
Colour Name,1,Black,,
Configuration,1,i7/32GB,,
Connection Type,1,HDMI,,
Customer Reviews,9,4.6 out of 5 stars 360 ratings 4.6 out of 5 stars,4.4 out of 5 stars 696 ratings 4.4 out of 5 stars,5.0 out of 5 stars 9 ratings 5.0 out of 5 stars
DCI-P3,30,100%,100%,100%
DP/Type C,6,دارد,ندارد,دارد
DVD-RW,4,ندارد,ندارد,ندارد
DVD/RW,1,ندارد,,
Date First Available,9,"October 2, 2018","April 30, 2020","August 8, 2019"
Device health,1,+Grade A,,
DirectX,232,DirectX 12,DirectX 12,DirectX 12
Expansion Slots (سایر اسلات ها),2,—,—,
Feature 1,2,Backlit,Bluetooth,
Feature 2,2,Fingerprint Reader,Business,
Feature 3,1,High Refresh Rate Display,,
Feature 4,1,Lithium Ion,,
Feature 5,1,Personal,,
Form Factor,1,Notebook,,
G-Sync,1,دارد,,
Generation,1,8th Generation,,
Grade,1,Basic,,
Human Interface Input,1,Keyboard,,
Item model number,9,KJT-00001,RZ09-03009E21-R3U1,‎Z0WQ00039
Keystone,75,ندارد,دارد,ندارد
LAN,96,✔️,ندارد,✔️
Lan,1,دارد,,
Model Name,1,Latitude,,
Model Number,1,E7270,,
NFC,1,ندارد,,
NVIDIA Advanced Optimus,5,دارد,دارد,دارد
Optical Drive Type,7,No Optical Drive,No Optical Drive,No Optical Drive
Optimus,17,دارد,دارد,دارد
PCIe,198,4.0,3.0,4.0
Power Source,7,"Corded Electric, Battery Powered",Battery Powered,Battery Powered
Product Height,1,0.74 inch,,
Product Length,1,8.47 inch,,
Product Width/Depth,1,12.22 inch,,
SIM Type,1,Normal SIM,,
SSD,70,✔️,✔️,✔️
Style,5,GTX 1660 Ti | 144hz | 256GB SSD,"15""",i5 | 12GB | 512GB SSD | GTX 1650
Touch Bar,1,ندارد,,
Touch ID,1,دارد,,
Type C,54,ندارد,ندارد,2عدد
Type-C,208,"(DisplayPort), (Power Delivery), (Thunderbolt 4), 2","(DisplayPort), (Power Delivery), (Thunderbolt 4), 1","(DisplayPort), (Power Delivery), 1"
Usage Type,1,Personal,,
WLAN,1,Wifi 6 802.11 AX,,
Wi-Fi,75,802.11ax (2×2) @ Wi-Fi 6,802.11ax (2×2) @ Wi-Fi 6,802.11ax (2×2) @ Wi-Fi 6E
XDR brightness,1,"1000nits sustained full-screen, 1600 nits peak2 (HDR content only) SDR brightness: 500 nits",,
condition,1,دست دوم,,
other Features,1,x360 flip design support pen,,
price,1159,از ۲۷٫۱۰۰٫۰۰۰ تومان,از ۴۳٫۵۰۰٫۰۰۰ تومان,از ۴۱٫۸۰۰٫۰۰۰ تومان
sRGB,107,62.5%,100%,100%
title,1172,لپ تاپ لنوو IdeaPad Gaming 3 | 16GB RAM | 512GB SSD | i5 | 4GB VGA ا Lenovo IdeaPad Gaming 3,مک بوک ایر 8GB RAM | 256GB SSD | M1 | MGN63 ا Macbook Air MGN63,لپ تاپ 15.6 اینچی لنوو مدل IdeaPad Gaming 3/R7-5800H/32GB+1TB SSD/4GB-RTX3050/Black کاستوم شده ا IdeaPad Gaming 3 15ACH6 (Ryzen 7_RTX 3050)
tunderbolt,2,ندارد,ندارد,
wi-fi,3,دارد,دارد,دارد
اثر انگشت,1,ندارد,,
اثر انگشت (Finger),6,ندارد,ندارد,ندارد
اس اس دی,2,"1 ترابایت, GEN 4",1TB NVME PCIE GEN4,
استاندارد دوام محصول,2,MIL-STD-810H برای 12 حالت دمایی و ضربه ای و رطوبتی,MIL-STD-810H برای 6 حالت دمایی و ضربه ای و رطوبتی,
اسلات M.2,1,1عدد,,
اسلات ارتقاء SSD,39,❌,❌,❌
اسلات سیم کارت,13,ندارد,ندارد,ندارد
اسکرین پد,3,ندارد,دارد,ندارد
اطلاعات سیستم احراز هویت,1,Enterprise-grade protection with Windows Hello face sign-in,,
اقلام داخل جعبه,1,"مک بوک ایر M2, آداپتور 30 وات (برای M2 8C-8C), آداپتور 35 وات (برای M2 8C-10C و ظرفیت 512 گیگابایت)",,
اقلام درون جعبه,1,مک بوک پرو ، کابل ، شارژر,,
اقلام همراه,341,دفترچه راهنما، شارژر، کابل شارژر,"دفترچه راهنما, شارژر",کیف ، شارژر و دفترچه راهنما
اقلام همراه دستگاه,111,دفترچه راهنما،شارژر،کیف و موس,دفترچه راهنما،شارژر،کیف و موس,"دفترچه راهنما, شارژر, کابل شارژر"
اقلام همراه لپ تاپ,53,"آداپتور و کابل برق, دفترچه راهنما",دفترچه راهنما، آداپتور شارژ 67 واتی اپل، کابل USB-C به MagSafe,کابل برق دفترچه راهنما کیف و ماوس
اقلام همراه لپتاب,1,آداپتور + کابل پاور,,
اقلام همراه لپتاپ,4,دفترچه راهنما - شارژر,"شارژر, کیف","شارژر, کیف, موس"
امتیاز,1,27473.0,,
امنیت,3,"- TPM 2.0 chip for enterprise security, - Windows enhanced hardware security, - سنسور امنیت تشخیص چهره برای ورود به ویندوز با Windows Hello face sign-in","Hardware TPM 2.0 chip for enterprise security, Support BitLocker, Enterprise-grade protection with Windows Hello face sign-in, (سیستم تشخیص چهره با استفاده از Windows Hello), Windows enhanced hardware security","TPM 2.0 chip for, enterprise security, Enterprise-grade protection with Windows Hello face sign-in, (سیستم تشخیص چهره با استفاده از Windows Hello)"
امکان چرخش ۳۶۰ درجه,4,ندارد,ندارد,دارد
امکانات,4,header,"باتری لیتیوم یون 4 سلولی با ظرفیت 52 وات ساعت - بلندگوی داخلی استریو با فناوری DTS Studio Sound - سیستم‌ عامل Windows 8.1, وبکم - بلوتوث نسخه 4- شبکه بیسیم وای فای با استاندارد 802.11a/b/g/n/ac","درايو نوري DVD-RW, توضيحات درايو نوري DVD-Writer, وبکم, توضيحات وبکم HD Web Camera, مشخصات اسپيکر بلندگوهاي استريو داخلي, مشخصات تاچ پد پشتيباني از فرمان‌هاي چند لمسي, کارت خوان, مودم فاقد مودم, شبکه بي سيم Wi-Fi, توضيحات شبکه بي سيم Wi-Fi 802.11a/b/g/n/ac, بلوتوث بلوتوث داخلي, پورت شبکه Ethernet, توضيحات پورت شبکه Ethernet 10/100/1000, پورت VGA, پورت HDMI, تعداد پورت USB 3.0 2, تعداد پورت USB 2.0 0, پورت USB Type-C"
امکانات جانبی,1,"Finger Print, HDMI, LAN, Thunderbolt4, Type-C, USB 3.1",,
امکانات ديگر,1,مجهز به يك پورت Serial مجهز به كانكتور براي اتصال به داك كيبورد مقاوم در برابر مايعات مجهر به يك پورت USB Type-C مجهز به پورت Serial,,
امکانات دیگر,33,"مجهز به بلوتوث نسخه‌ی 5.0, دارای 2 درگاه USB-C, قابلیت خروجی Thunderbolt 3 از طریق درگاه USB-C, قابلیت خروجی DisplayPort از طریق درگاه USB-C","دارای حسگر های روشنایی، مجاورت، شتاب‌سنج، ژیروسکوپ، قطب‌نما, بلوتوث نسخه 4.1, دارای دانگل داخلی Xbox",مجهز به یک پورت USB Type-C دارای حافظه گرافیکی 128 مگابایت با قابلیت به اشتراک گذاری تا 2 گیگابایت کیبورد انگلیسی
امکانات لپ تاپ.webcom,1,دارد,,
امکانات لپ تاپ.اثرانگشت,1,دارد,,
امکانات لپ تاپ.درایو نوری,1,ندارد,,
امکانات ویژه,13,بهینه شده توسط نرم افزار جدید Legion Zone,دارای نام پد روی تاچ پد جدید ایسوس,"وبکم دارای TNR camera, intelligent noise reduction"
امکانات ویژه	,1,دارای DialPad جدید ایسوس به منظور امکانات تنظیم یک دستی و غربیلک ادیت ویدو روی تاچ پد,,
امکانات ویژه جنبی,1,پشتیبانی از ASUS Pen 2.0,,
امکانات.بلوتوث,9,دارد,دارد,دارد
امکانات.حسگر اثر انگشت,7,دارد,"برخی مدل ها فاقد سنسور اثر انگشت, ,, no",ندارد
امکانات.درايو نوري,1,"قابلیت استفاده از درایو اکسترنال, ,, فاقد درايو نوري",,
امکانات.درایو نوری,8,ندارد,بدون درایو نوری,ندارد
امکانات.مشخصات تاچ پد,7,پشتیبانی از فرمان های چند لمسی,"keyboard, pointing stick, touchpad",دارد
امکانات.مودم,1,فاقد مودم,,
امکانات.کارت خوان,8,دارد,دارد,دارد
اندازه,9,14.2 اینچ,13.3 اینچ,13.3 اینچ
انعکاس باسیم ویدیو,1,امکان اتصال نمایشگر خارجی در USB-C با استفاده از آداپتور HDMI برای پخش ویدیو با اتصال تبدیل HDMI به پورت USB_C، کیفیت ویدیوی 4K خواهد بود,,
انعکاس بی سیم ویدیو,1,پشتیبانی از Chromecast و Miracast,,
باز شدن 360 درجه,1,ندارد,,
بدنه,1,پلی کربن,,
براساس نوع,2,نوت بوک (لپ تاپ),آلترابوک,
برند,88,مایکروسافت (Microsoft),ASUS,ASUS
"برند				
																			
						ریزر بلید Razer Blade",1,اچ پی,,
برند لپ تاپ,6,ایسوس - ASUS,ام اس آی - MSI,ایسوس - ASUS
برند کالا,66,Lenovo | لنوو,Lenovo | لنوو,ASUS | ایسوس
برند.برند,1,ریزر(Razer),,
بسته‌ها,1,بدون بسته تخفیفی,,
بلوتوث,547,5.1,بلوتوث داخلی,دارد
بلوتوث (Bluetooth),102,Bluetooth 5.2,بلوتوث داخلی,بلوتوث داخلی
بلوتوث داخلی,1,دارد,,
بک لایت,3,دارد,ندارد,ندارد
تاریخ معرفی,2,2020.0,2023.0,
تاچ آیدی,2,دارد,دارد,
تاچ بار,4,ندارد,دارد,ندارد
تاچ پد,75,دارد (پشتیبانی از فرمان‌های چند لمسی),دارد,Buttonless Mylar surface multi-touch
تاچ پد چند لمسی,246,دارد,دارد,دارد
تراشه,3,M2,M2 MAX,M2 PRO
تراکم پیکسل,18,267 پیکسل بر اینچ,201 پیکسل بر اینچ,254پیکسل بر اینچ
تراکم پیکسلی,14,148 پیکسل در اینچ,254 پیکسل در هر اینچ (PPI),2256x1504
تشخیص چهره ( Face ID ),3,دوربین ورود به محیط ویندوز Windows Hello,ندارد,ندارد
تعداد,1,2 عدد,,
تعداد اجزا,1,دو عدد,,
تعداد اسلات SSD,291,2,2,2
تعداد ترانزیستور,14,3.3Billion,3.3Billion,3.3Billion
تعداد سلول,23,2,3,2
تعداد فن,216,2,2 عدد,2
تعداد نخ,4,16.0,20.0,8.0
تعداد و نوع اسلات,2,2×M.2,"1×M.2, 1×SATA",
تعدادفن,85,2 عدد,2 عدد,2 عدد
توان,9,75 وات,85 وات,60 وات
توان R.M.S,1,هر اسپیکر 2 وات,,
توان آداپتور,273,200 وات,170 وات,170 وات
توان افزایشی,109,105 وات,50 وات,75 وات
توان مصرفی,2,45W,28W,
توضیحات,4,نسبت تصویر 16:9,قابل دور lcd شکستگی دارد. ( در گالری عکس ها قابل مشاهده می‌باشد. ),استفاده 2 گیگ از حافظه رم برای حافظه گرافیک
توضیحات ,1,مشکل مادربورد هست و روشن نمیشود,,
توضیحات اسکرین پد,1,ScreenPad 2.0 (FHD+ (2160*1080) IPS-Level Panel),,
توضیحات بدنه و شاسی,7,Phantom Grey with speckles,Titanium Gray,بدنه تمام آلومنیومی برش‌خورده بسیار باکیفیت
توضیحات بلوتوث,31,نسخه 5.2,Bluetooth 5.3,نسخه 5.0
توضیحات تکمیلی,55,"تکنولوژی True Tone, روشنایی 500 Nits, زاویه دید 178 درجه","روشنائی 250 Nits, زاویه دید 178 درجه, نسبت تصویر 16:9","زاویه دید 178 درجه, نسبت تصویر 16:9"
توضیحات تکمیلی صدا,8,بلندگوهای تنظیم شده توسط کمپانی B&O,دارای 6 بلندگو استریو از نوع Wide،‌ دارای قابلیت ردیابی دینامیک سر (Spatial audio) هنگام استفاده از AirPods (نسل سوم)، AirPods Pro و AirPods Max، دارای 3 میکروفن، دارای ساب ووفر (Force-Cancelling),پشتیبانی از صدای دالبی (Dolby Atmos)،‌ مجهز به میکروفون سه‌گانه، پشتیبانی از صدای استریو Wide
توضیحات درایو نوری,1,Super-Multi DVD,,
توضیحات وب کم,11,1080p FaceTime HD camera,دوربین 1080p FaceTime HD,720P HD camera
تکنولوژی پنل,1,IPS | تکنولوژی TureTone | پشتیبانی از HDR10,,
تکنولوژی-ساخت,1,10NM,,
جزئیات طراحی خاص,1,برنده ی جایزه ی طراحی Reddot 2022,,
جنس,7,آلومینیوم,آلومینیوم,آلومینیوم
جنس بدنه,301,پلاستیک,فلز، پلاستیک,پلاستیک
جک 3.5 میلمتری صدا,5,دارد، پشتیبانی از هدفون‌‌های با آمپدانس بالا,دارد، پشتیبانی از هدفون‌‌های با آمپدانس بالا,دارد
جک 3.5 میلمیری میکروفن,1,دارد,,
جک 3.5 میلی متری,11,"دارد, ,","دارد, ,","دارد, ,"
جک 3.5 میلیمتری,146,دارد,دارد,دارد
جک 3.5 میلیمتری صدا,78,1x Audio-jack 3.5 mm,دارد,دارد
جک 3.5 میلی‌ متری,2,دارد,Combo,
جک 3.5 میلی‌متری,1,1xCombo,,
جک 3.5 میلی‌متری صدا,21,دارد (مشترک با هدفون و میکروفن),دارد,دارد
جک 3.5mm,88,دارد,دارد,دارد
جک میکروفون,1,دارد,,
جک هدفون,67,1× @ ورودی میکروفون/خروجی هدفون,1× @ ورودی میکروفون/خروجی هدفون,1× @ ورودی میکروفون/خروجی هدفون
جک هدفون / میکروفن,1,جک هدفون 3.5 میلیمتر,,
جک هدفون/ میکروفن,40,دارد,دارد,دارد
جک هدفون/ میکروفون,7,دارد,دارد,جک 3.5 میلی متری
جک هدفون/میکروفن,6,دارد,دارد,✅
جک هندزفری,2,دارد,دارد,
حجم,24,UP TO 2GB,UP TO 6GB,4GB
حداقل فرکانس,1,3.2 گیگاهرتز,,
حداکثر فرکانس,1,4.7 گیگاهرتز,,
حداکثر مانیتور قابل پشتیبانی,1,"یک نمایشگر با وضوح 8K,60Hz یا 4K,240Hz و یا حداکثر دو نمایشگر با وضوح یکسان 6K,60Hz یا 6K,60Hz با 4K,144Hz",,
حداکثر-فرکانس,2,4.7GHZ,3.8GHZ,
حسگر اثر انگشت,591,❌,دارد,ندارد
حسگر اثر انگشت (Touch ID),2,دارد,دارد,
حسگر اثر انگشت Touch ID,1,دارد,,
حسگر نور محیط,12,دارد,دارد,دارد
حسگر ها,6,حسگر نور محیط,"ژیروسکوپ (Gyroscope), شتاب‌سنج (Accelerometer), مغناطیس سنج (Magnetometer), سنجش نور محیط (Light Sensor)","ژیروسکوپ (Gyroscope), شتاب‌سنج (Accelerometer), مغناطیس سنج (Magnetometer), سنجش نور محیط (Light Sensor)"
حسگرها,7,"اثر انگشت, تشخیص چهره Windows Hello, تشخیص نور محیط",اثرانگشت (FingerPrint)، روشنایی محیط (Ambient Light),حسگر اثرانگشت (Touch ID)، روشنایی محیط (Ambient Light)
حس‌گرها,3,"دارای حسگر تشخیص روشنایی محیط, مجهز به دو عدد میکروفن با کیفیت ضبط استودیو","Windows Hello face sign-in, حسگر تنظیم نور صفحه, سیستم تشخیص چهره","حسگر تنظیم نور صفحه, ژیروسکوپ, سنجش نور محیط, شتاب سنج, جی پی اس"
خانواده,1,اینسپایرون (Inspiron),,
خروجی صدا,2,Built-in Array microphone THX Spatial Audio Support 7.1 Codec support (via HDMI),Built-in Array microphone THX Spatial Audio Support 7.1 Codec support (via HDMI),
داریو نوری,68,❌,❌,❌
درایو نوری,555,بدون درایو نوری,ندارد,ندارد
درایو نوری DVD,8,ندارد,دارد,دارد
درایور نوری,5,ندارد,ندارد,ندارد
درجه کیفیت,1,++A,,
دروبین,1,1080p FaceTime HD camera,,
دسته بندی,4,کاربری حرفه ای,معمولی,عمومی مالتی مدیا
دستگاه,2,مک بوک پرو 16 اینچ,سرفیس بوک 1,
دمای غیر عملیاتی (در حالت خاموش),2,25- تا 45 درجه سانتیگراد,25- تا 45 درجه سانتیگراد,
دمای مناسب برای کارکرد,2,10 تا 35 درجه سانتی گراد,10 تا 35 درجه سانتی گراد,
دکمه های فیزیکی,1,"Volume , Power",,
دیگر امکانات,4,"پشتیبانی از قابلیت فست شارژ Type-C, تنظیم درجه نور پس زمینه کیبورد به صورت دلخواه, چرخش مانیتور 360 درجه","Precision touchpad, seamless glass integrated button, پشتیبانی از تاندربولت 3","پشتیبانی از قابلیت فست شارژ Type-C, تنظیم درجه نور پس زمینه کیبورد به صورت دلخواه, چرخش مانیتور 180 درجه"
رادیو,1,ندارد,,
رایتر,3,ندارد,ندارد,ندارد
رده کاربردی,4,مالتی مدیا,مالتی مدیا,گیمینگ
رده کاربری,57,مدیریتی &#8211; مهندسی &#8211; اداری,اقتصادی - اداری - مهندسی,اقتصادی - اداری - مهندسی
رزلوشن,5,FHD(1920*1080),FHD(1920*1080),FHD(1920*1080)
زاویه بازگشایی,53,360 درجه,180 درجه,180 درجه
زمان ارسال کالا,1,میانگین 30 روز کاری (تعطیلات خارج از این زمان میباشد),,
زمان پاسخگوئی,1,3 میلی ثانیه,,
زمان پاسخگویی,100,7ms,9ms,3 میلی ثانیه
ساختار بدنه,5,پلی‌کربنات,فلز,فلز
ساختار و جنس بدنه,91,پلاستیک,آلومینیوم، پلاستیک,آلومینیوم، پلاستیک
سال تولید,6,2021.0,2022.0,2022.0
سال ساخت,2,2021,۲۰۱۹ پاییز,
سال عرضه,4,2021.0,2021.0,2022.0
سال معرفی,3,2023.0,2017.0,2022.0
ساير مشخصات,1,"طبقه‌بندي کاربري مالتي‌مديا، کاربري صنعتي، کاربري عمومي, نوع باتري 3 سلولي, شارژدهي باتري تا 5:00 ساعت, توضيحات باتري باتري ليتيوم-يون با ظرفيت 48 وات‌ساعت, سيستم عامل Microsoft Windows 10, توضيحات سيستم عامل نسخه 64 بيتي Professional",,
ساير مشخصات.اقلام همراه لپ تاپ,1,شارژر و کابل برق,,
ساير مشخصات.امکانات ديگر,1,"1 Kensington Lock, ,, Card Reader: SD, ,, Miracast, ,, Thunderbolt 3, ,, بلوتوث نسل چهارم, ,, مجهز به جک 3.5 میلیمتری صدا, ,, مجهز به دو عدد میکروفن",,
ساير مشخصات.طبقه‌بندي,1,"کاربری مهندسی, ,, مخصوص بازي, ,, مناسب بازی, ,, مناسب پردازش های سنگین گرافیکی و محاسباتی, ,, مناسب طراحی",,
سایر,3,"Headphone/microphone combo jack, USB Type-C","USB Type-C Thunderbolt, Sim Card Slot, Kensington security slot, SD card reader, Headphone/microphone combo jack, SmartCard reader","USB Type-C, Headphone/microphone combo jack, Security lock"
سایر اقلام سازگار,1,سازگار با تعامل خارج از صفحه Surface Dial,,
سایر امکانات,5,"VGA port, درایو نوری, شبکه بی سیم Wi-Fi, کارت خوان, وبکم","دارای حسگرهای روشنایی، مجاورت، شتاب‌سنج، ژیروسکوپ، قطب‌نما, دارای دانگل داخلی Xbox","-, وب کم, ۷۲۰p HD, - دارای سنسور اندازه گیری نور محیط, - دارای دو میکروفن استریو با تکنولوژی حذف نویز محیطی, سیستم صوتی ساخت کمپانی Bang & Olufsen با تکنولوژی, HP, Audio Boost برای ایجاد صدایی بسیار با کیفیت و فراگیر"
سایر توضحات / اقلام همراه,2,"تست شده 100% سالم کاملا تمیز, (11 , Windows 7 , 8.1 , 10 به درخواست مشتری), ----------------, آدابتور / کابل برق","تست شده 100% سالم کاملا تمیز, (11 , Windows 7 , 8.1 , 10 به درخواست مشتری), ----------------, آدابتور / کابل برق",
سایر توضیحات,18,دارای رابط گرافیکی PCIe نسخه 3.0، قابلیت ارتقای حافظه داخلی,دارای رابط کارت گرافیک PCIe نسل 3.0,"قابلیت ارتقاء حافظه داخلی, ,, فرکانس رم : 4800 مگاهرتز, ,, قابلیت ارتقاء حافظه رم تا 64 گیگابایت, ,"
سایر قابلیت ها,29,دارای گواهینامه Energy Star، قابلیت ارتقای حافظه، دارای برنامه‌های پیش‌فرض اپل، دارای دستیار صوتی اپل Siri، مجهز به تکنولوژی صدای چند بعدی (Spatial Audio)، پشتیبانی از پرداخت اپل (Apple Pay)، پشتیبانی از تماس بر بستر Wi-Fi,دارای گواهینامه Energy Star، قابلیت ارتقای حافظه، دارای برنامه‌های پیش‌فرض اپل، دارای دستیار صوتی اپل Siri، مجهز به تکنولوژی صدای چند بعدی (Spatial Audio)، پشتیبانی از پرداخت اپل (Apple Pay)، پشتیبانی از تماس بر بستر Wi-Fi,روشنایی 220nits
سایر قابلیت های بدنه,3,کلیدهای مجهز به فناوری Force Click، کلیدهای حساس به فشار، کیبورد دارای 78 کلید، دارای 12 کلید Function,کلیدهای مجهز به فناوری Force Click، کلیدهای حساس به فشار، کیبورد دارای 65 کلید,کلیدهای مجهز به فناوری Force Click، کلیدهای حساس به فشار (pressure-sensing)، کیبورد دارای 78 کلید، دارای 12 کلید Function
سایر قابلیت‌های بدنه,3,کیبورد مجهز به NumPad,کیبورد مجهز به NumPad,زاویه بازگشایی 180 درجه
سایر مشخصات,5,Dual far-field Studio Mics,header,"محتوای داخل جعبه:, دفترچه راهنما, شارژر, سیستم عامل:, ویندوز 10 پرو, ویندوز 11 هوم, مشخصات بلند گوها:, 2W stereo speakers with Dolby Atmos®"
سایر مشخصات مهم,20,ارتقا یافته,کیبورد مجهز به تاچ آیدی و حسگر نور محیط، درگاه MagSafe 3,ارتقا یافته
سایر مشخصات.طبقه‌بندی,6,مخصوص بازی،کاربری مالتی‌مدیا،کاربری عمومی,کاربری عمومی,کاربری عمومی
سایر ویژگی ها,5,"4Zone RGB, زبان صفحه کلید عربی",6Heatpipes,Singel Backlit
سایر ویژگیها,1,سازگاری با سمعک: M4/T3,,
سایر ویژگی‌ها,66,250nits | 45% NTSC,300nits | 100% sRGB | Dolby Vision | G-Sync | DC dimmer,ROG Nebula | DCI-P3: 100% | 500nits | 3ms | Adaptive-Sync | Pantone Validated | MUX Switch + Optimus | Support Dolby Vision HDR
سایز,4,15.6,15.6,15.6
سایز (اینچ),24,15.6,15.6,15.6
سایز لپتاپ,1,15 اینچ,,
سخت افزار,37,ORIGINAL,CTO,ORIGINAL
سرعت,24,2400MHz,3200MHz,4800MHz
سرعت انتقال اطلاعات,21,Up to 3500 MB/s,Up to 3500 MB/s,Up to 3500 MB/s
سنسور,1,"Ambient Light Sensor (حسگر تنظیم نور صفحه), Proximity sensor (سنسور مجاورت), Accelerometer (شتاب سنج), Gyroscope (ژیروسکوپ), Magnetometer (مغناطیس سنج)",,
سنسور اثر انگشت,38,ندارد,خیر,خیر
سنسور تاچ آیدی,1,دارد,,
سنسور تشخیص چهره,10,ندارد,دارد,دارد ، IR camera
سنسور های امنیتی,3,تشخیص اثر انگشت (Touch ID),تشخیص چهره (Front Facing),تشخیص اثر انگشت (Touch ID)
سنسور های دیگر,7,سنسور تشخیص نور محیط (Light Sensor),سنسور تشخیص نور محیط (Light Sensor),سنسور تشخیص نور محیط (Light Sensor)
سنسورها,8,حسگر تنظیم نور صفحه شتاب سنج ژیروسکوپ مغناطیس سنج,حسگر تنظیم نور صفحه شتاب سنج ژیروسکوپ مغناطیس سنج دوربین احراز هویت چهره Windows Hello,حسگر تنظیم نور صفحه شتاب سنج ژیروسکوپ مغناطیس سنج
سنسورهای امنیتی,4,تشخیص اثر انگشت (Touch ID),تشخیص اثر انگشت (Touch ID),مجهز به سنسور Touch ID
سنسورهای دستگاه,1,"Ambient light Sensor (حسگر تنظیم نور صفحه), Accelerometer (شتاب سنج), Gyroscope (ژیروسکوپ), Magnetometer (مغناطیس سنج)",,
سنسورهای موقعیت یابی,7,موقعیت یابی از طریق Wi-Fi,موقعیت یابی از طریق Wi-Fi,موقعیت یابی از طریق Wi-Fi
سوئیچ MUX,33,دارد,دارد,دارد
سیستم خنک کاری,36,دارای سیستم ROG INTELLIGENT COOLING، خمیر حرارتی طلای مایع، سه فن، رادیاتور سرتاسری، هفت لوله ی مسی،  374 رادیاتور با ضخامت 0.1 میلیمتر،,سیستم خنک کاری Ice Cooling 2 ارتقا یافته، فن های کاملا ساکت ROG، پره های Arc Flow، چسب حرارتی فلز مایع پیشرفته، 95 فین 0.15 میلیمتری،,سیستم خنک کاری OMEN CoolStorm Cooling technology حامل مایع، 5 لوله ی مسی، دو فن 12 ولتی، شش خروجی هوا، 216 پره ی رادیاتور، نسل جدید فن های دانستیه بالا و Y شکل آمن.
سیم کارت,1,ندارد,,
شتاب سنج,12,دارد,ندارد,ندارد
شدت روشنایی,181,250 نیت,300nits,350nits
شناسه کالا,29,ASP-12044,lp-1401-005,legion5pro-2022-r7-3070ti
شناسه گارانتی,1,95967.0,,
ضد انعکاس نور,66,✔️,✔️,✔️
طبقه بندی,133,"عمومی و روزانه, گیمینگ, مولتی مدیا",عمومی,"برنامه نویسی حرفه ای, تولید محتوا،طراحی سایت, دانشجویی, رندرینگ, طراحی،تدوین،معماری و نقشه کشی, گیمینگ"
طبقه کاربری,1,گیمینگ - رندرینگ - مهندسی,,
طبقه‌ بندی,1,مخصوص بازی کاربری مالتی‌مدیا کاربری صنعتی کاربری عمومی,,
طبقه‌بندی,42,"کاربری عمومی , باریک و سبک","با صفحه‌نمایش لمسی , باریک و سبک , تبدیل‌پذیر , صفحه‌نمایش قابل جدا شدن , مخصوص بازی , کاربری عمومی , کاربری مالتی‌مدیا",کاربری عمومی
طبقه‌بندی و کاربرد,8,"مخصوص بازی, کاربری صنعتی و بیزنس, کاربری عمومی, کاربری مالتی مدیا","مخصوص بازی, کاربری صنعتی و بیزنس, کاربری عمومی, کاربری مالتی مدیا","مخصوص بازی, کاربری عمومی, کاربری مالتی مدیا"
طول,1,360.68 میلیمتر,,
ظاهر دستگاه,1,بدنه از جنس آلومینیوم و منیزیوم,,
ظرفیت,2,1TB SSD,۱۶ گیگابایت,
ظرفیت H.D.D,29,1TB,1TB,ندارد
ظرفیت Optane,14,ندارد,ندارد,ندارد
ظرفیت S.D.D,14,ندارد,256GB,1TB
ظرفیت S.S.D,41,128GB,ندارد,512GB
ظرفیت SSD,275,512GB,512GB,1TB
ظرفیت داخلی,1,1T,,
ظرفیت ذخیره سازی,1,Solid-state drive (SSD): 512GB,,
ظرفیت و نوع,262,4Cell 76WHr,2Cell 35WHr,4Cell 71WHr
عرض,1,271.78 میلیمتر,,
فرکانس,7,2.6 GTZ TO 3.8 GTZ,2.3GHz Up to 4.6GHz,2.1GHz Up to 4.0GHz
فرکانس (سرعت),1,2.40GHz تا 4.20GHz,,
فرکانس آورکلاک,66,"4.4GHz @ هسته پُـر مصرف, 3.3GHz @ هسته کم مصرف",4.60GHz,"5.00GHz @ هسته پُـر مصرف, 3.80GHz @ هسته کم مصرف"
فرکانس افزایشی,266,4.7GHz,2.8GHz,4.7GHz
فرکانس برق عملیاتی,2,50 هرتز تا 60 هرتز,50 هرتز تا 60 هرتز,
فرکانس توربو,1,2.80 گیگاهرتز,,
فرکانس در حالت توربو,3,3.60گیگاهرتز,3.2 گیگاهرتز,4.2گیگاهرتز
فرکانس پایه,350,"2.0GHz @ هسته پُـر مصرف, 1.5GHz @ هسته کم مصرف",2.3GHz,3.2GHz
فرکانس-پایه,2,2.3GHZ,2.6,
فضای نصب SSD,3,دارد,دارد,ندارد
فناوری ساخت,9,10 نانومتری - x86,10 نانومتری,10 نانومتری، x86
فناوری پخش صوتی,1,"استفاده از فناوری Qualcomm aptX برای کیفیتهای Classic، HD, TWS",,
فناوری‌,66,Stereo | Nahimic Audio | Realtek ALC3287 | HD Audio,Nahimic Audio | HD Audio | Realtek ALC3306 codec | Stereo,Smart Amp | Dolby Atmos | AI noise-canceling | Hi-Res
فیلتر برند,17,Apple,Microsoft,HP
قابلیت ارتقا,39,دارد,دارد,دارد
قابلیت ارتقاء,83,❌,تا DDR4-3200MHz @ 32GB,تا DDR5-4800MHz @ 40GB
قابلیت ارتقاء SSD,70,دارد,دارد,دارد
قابلیت ارتقاء توان,5,"Up to 1600MHz @ 60W, Dynamic Boost @ 75W",Up to 1535MHz Boost Clock @ 60W,Up to 1535MHz Boost Clock @ 60W
قابلیت ارتقاٌ,1,ارتقا تا 32 گیگابایت,,
قابلیت افزایش توان,39,Boost Clock 1740MHz @ TGP 85W,Boost Clock 1425/1702MHz @ TGP 130W,Dynamic Boost – 1425MHz Boost Clock+50MHz OC @ 120W
قابلیت لمس,66,❌,❌,❌
قابلیت های دستگاه,1,کیبورد با نور پس زمینه,,
قابلیت کار با سرفیس دایال,1,به صورت off-screen,,
قابلیت‌های دستگاه,7,صفحه نمایش مات حسگر اثر انگشت کیبورد با نور پس زمینه,"صفحه نمایش مات , کیبورد با نور پس زمینه , وبکم",صفحه نمایش مات حسگر اثر انگشت کیبورد با نور پس زمینه کارت خوان وبکم
قدرت صدا,1,"پشتیبانی از Cinematic entertainment, پشتیبانی از ِDolby Atmos",,
قطب نما,12,دارد,ندارد,ندارد
قلم,1,ندارد,,
قلم سازگار استاندارد,1,Surface Pen 1,,
كاربري,1,گيمينگ و گرافيك,,
لوازم همراه دستگاه,23,دفترچه راهنما ، شارژر ، کابل شارژر,دفترچه راهنما ، شارژر ، کابل شارژر,دفترچه راهنما ، شارژر ، کابل شارژر
ماکس سوئیچ,33,ندارد,دارد,دارد
متعلقات داخل جعبه,1,"Surface Bokk 3 15"", 127W Surface Power Supply w/USB-A (7W) Charging port (شارژر به همراه پورت شارژ USB-A), Quick Start Guide (دفترچه راهنما)",,
متعلقات دستگاه,1,"سرفیس لپ تاپ استودیو, شارژر 60 وات, دفترچه راهنما",,
محتویات جعبه,209,"دفترچه راهنما, شارژر, کابل شارژر, کیف, ماوس","دفترچه راهنما, شارژر, کابل شارژر","دفترچه راهنما, شارژر, کابل شارژر"
محتویات داخل جعبه,5,آداپتور برق 61 وات USB-C کابل 2 متری USB-C به USB-C,آداپتور برق 61 وات USB-C کابل 2 متری USB-C به USB-C,"آداپتور برق 61 وات USB-C, کابل 2 متری USB-C به USB-C"
محدوده زمان پاسخگویی,5,3 میلی ثانیه,3 میلی ثانیه,2 میلی ثانیه
مدت زمان استفاده پیوسته,3,هفده‌ساعت,حداکثر تا 17 ساعت برای وب گردی,9ساعت
مدیریت امنیت,2,"BIOS Administrator Password and User Password Protection, Kensington Lock, FingerPrint:, YES",—,
مزایا,3,"کیفیت ساخت بالا, شارژدهی بالای, باتری, حافظه از نوع, SSD, و, رم, DDR, 4, صفحه‌ی نمایش لمسی با رزولوشن, 4K, طراحی عالی بدنه با وزن و ضخامت کم, پردازنده, مرکزی قدرتمند نسل هفتم, اینتل","بلندگوهای استریو داخلی با فناوری HP Audio Boost ساخت شرکت Bang & Olufsen, مخصوص بازی , کاربری مالتی‌مدیا , کاربری عمومی , باریک و سبک, باتری لیتیوم-یون با ظرفیت 70 وات‌ ساعت, یک عدد پورت Mini DisplayPort™, کیبورد با نور پس زمینه یکدست قرمز رنگ, تکنولوژی HP Fast Charge, OMEN Tempest Cooling Technology، پنج مسیر ورودی و خروجی هوا برای تهویه و خنک سازی هرچه بهتر دستگاه","با قابلیت تبدیل شدن به تبلت، به همراه قلم, اچ پی, دارای قسمت تایپ اعداد بر روی, کیبورد, Numeric Keypads, پشتیبانی کامل از Tablet Mode ویندوز ۱۱, امکان چرخش 360 درجه"
مشخصات,1,header,,
مشخصات بدنه,3,بدنه ی تمام فلزی تولید شده با CNC,بدنه تمام فلزی با پوشش نانو ضد اثر انگشت و باتری,بدنه تمام فلزی با پوشش نانو ضد اثر انگشت
مشخصات بلوتوث,1,Bluetooth 5.0,,
مشخصات تاچ پد,109,مجهز به تکنولوژی Force Touch با پشتیبانی کامل از انواع فرمان‌های چند لمسی تا فرمان‌های سه و چهارانگشتی,چند لمسی (Multi Touch),پشتیبانی از فرمان‌های چند لمسی
مشخصات دیگر,11,"Brand, Samsung, سری پردازنده, 11th Gen, ,, Core i7, ,, Intel, ظرفیت حافظه داخلی, 512-SSD, Graphics Chipset Brand, Intel, رنگ, آبی, سیستم عامل, windows","Brand, Samsung","Brand, Asus"
مشخصات سیم کارت,1,5G Micro Sim,,
مشخصات ظاهری,1,"جنس بدنه: منیزیوم, رنگ: پلاتینی, دکمه های فیزیکی: Volume و Power, کیبورد انگلیسی و پرتغالی",,
مشخصات فیزیکی,3,header,header,"ابعاد:, 287mm x 208mm x 9.3mm, ساختار بدنه:, آلومینیوم آنودایز شده, وزن:, ۸۹۱ گرم"
مشخصات وب‌کم,1,720P HD,,
مشخصات ویژه,1,دارای دو محل ویژه مغناطیسی برای نگه داشتن و شارژ قلم شیائومی، لولای 360 درجه، تاچ پد با لعاب شیشه,,
مشخصات کلی,2,Core i7-4600U CPU 4GB RAM 128GB SSD Intel VGA,"برند:, MICROSOFT, رنگ:, نقره ای",
معماری ساخت,252,x86,x86,x86
مقدار DCI-P3,1,100 درصد,,
مناسب برای,107,مخصوص بازی ، کاربری عمومی ، کاربری مالتی‌مدیا,کاربری عمومی ، کاربری مالتی‌مدیا,کاربری عمومی ، کاربری مالتی‌مدیا
مناسب برای استفاده,1,"طراحی, گیمینگ, مهندسی",,
مناسب کاربری حرفه ای,7,می باشد,می باشد,می باشد
مناسب کاربری دانشجویی,13,می باشد,می باشد,می باشد
مناسب کاربری صنعتی و تجاری,3,می باشد,می باشد,می باشد
مناسب کاربری مالتی مدیا و خانگی,14,می باشد,می باشد,می باشد
مناسب کارها و امور,3,مناسب اداری، برنامه نویسی، تحصیلی، شبکه، تحقیقاتی، روزمره، تردینگ و غیره,مناسب بازی، طراحی، تدوین، رندرگیری، مهندسی، روزمره و غیره,مناسب بازی، طراحی، تدوین، رندرگیری، مهندسی، روزمره و غیره
منبع تغذیه,1,توان خروجی 45 وات,,
موتور عصبی,1,16core Neural Engine,,
مودم,43,فاقد مودم,فاقد مودم,فاقد مودم
موقعیت یابی,1,از طریق WIFI,,
میزان دور در دقیقه,7,5400.0,5400.0,5400.0
میزان رطوبت مناسب برای کارکرد,2,0% تا 90% غیر متراکم,0% تا 90% غیر متراکم,
میزان روشنایی,20,250nits,220nits,250nits
میکروفن,6,3 عدد,دارد,میکروفن دو گانه با قابلیت حذف صدای مزاحم
میکروفون,2,دارد,میکروفون سه گانه دایرکشنال,
نام برند,88,ASUS,ایسوس(Asus),ASUS
نام لاک - NumLock,8,ندارد,دارد,دارد
نامپد,12,"دارد, ,","ندارد, ,","ندارد, ,"
نرخ تجدید,1,60 هرتز,,
نرخ نوسازی,139,120Hz,60 هرتز,60 هرتز
نرخ نوسازی تصاویر,1,60 هرتز,,
نرخ های تازه سازی,1,فناوری ProMotion برای نرخ تازه سازی تطبیقی تا 120 هرتز ، نرخ‌های تازه‌سازی ثابت: 47.95 هرتز، 48.00 هرتز، 50.00 هرتز، 59.94 هرتز، 60.00 هرتز,,
نسبت کنتراست,2,1.000.000:1,1500:1,
نسخه بلوتوث,4,5.0,4.1,5.2
نسل AMD,1,R3000,,
نسل Intel,1,10.0,,
نقاط قوت,6,نقاط ضعف,نقاط ضعف,نقاط ضعف
نمره بنچمارک,1,4800.0,,
نور پردازی بدنه,85,ندارد,دارد,دارد
نور پس زمینه,39,✔️,✔️,✔️
نور پس زمینه کیبرد,1,ندارد,,
نور پس‌ زمینه LED,28,دارد,دارد,دارد
نور پس‌زمینه LED,2,دارد,دارد,
نورپردازی,1,لوگوی راگ با نور سفید، نوارهای نورپردازی در اطراف و زیر لپ تاپ، کیبورد RGB از نوع 4 ناحیه ای,,
نورپردازی RGB,3,ندارد,ندارد,ندارد
نورپردازی بدنه,1,دارد,,
نوع,32,Liquid Retina XDR,Retina IPS LCD,Retina IPS LCD
نوع SSD,64,M.2 2242 PCIe 4.0 ×4 NVMe,M.2 2280 PCIe 4.0 x4 NVMe,M.2 NVMe PCIe 4.0
نوع دستگاه,7,نوت بوک (لپ تاپ),نوت بوک,اولترا بوک (باریک)
نوع سفارش,2,سفارش از خارج کشور,سفارش از خارج کشور,
نوع ظرفیت داخلی,1,HDD,,
نوع فروش,47,پیش فروش از دفتر چین - تحویل تا 20 روز کاری,پیش فروش از دفتر چین - تحویل تا 20 روز کاری,پیش فروش از دفتر چین
نوع لپ تاپ,4,گیمینگ و مالتی مدیا,گیمینگ و مالتی مدیا,"الترابوک, خانگی, مهندسی"
نوع پنل,135,IPS,TN,TN
نوع کاربرد,4,"کاربری صنعتی , مخصوص بازی , کاربری مالتی‌مدیا",گیمینگ بالارده,"کاربری صنعتی , مخصوص بازی , کاربری مالتی‌مدیا"
نوع کاربري,1,"ترید, دانش آموزی, دانشجویی",,
نوع کاربری,31,گیمینگ,گیمینگ/ عمومی/ مالتی مدیا,"اداری, دانشجویی, مناسب حمل"
نوع کاربری لپتاپ,1,گیمینگ,,
نوع کاربری محصول,1,"رندر یا پردازش سنگین, گیمینگ",,
نوع کالا,70,لپ تاپ,لپ تاپ,لپ تاپ
نکات برجسته,4,"از لپ‌تاپ‌های گیمینگ شناخته شده شرکت ام‌اس‌آی, پردازنده مرکزی بسیار قدرتمند 6 هسته‌, پردازنده گرافیکی قدرتمند جهت اجرای بازی‌های روز دنیا, مدل تولید شده برای اروپا","کیفیت فوق العاده ساخت, صفحه نمایش بسیار زیبا و با کیفیت, سخت افزار قدرتمند و پیشرو, کوچک و سبک نسبت به قدرت","دارای پردازنده مرکزی نسل هفتم Intel Core i7-7500U, حافظه RAM با ظرفیت 16 گیگابایت دوکاناله, حافظه ذخیره‌سازی پرسرعت NVMe SSD با ظرفیت 512 گیگابایت, صفحه‌نمایش 12.5 اینچی دقیق و بسیار باکیفیت QHD با رزولوشن 2560 در 1440 پیکسل, صفحه‌نمایش حرفه‌ای مولتی‌تاچ IGZO با پشتیبانی 70% از طیف رنگی Adobe RGB, کیبورد زیبای Razer Chroma با قابلیت بکلیت RGB برای هرکلید, دارای پورت Thunerbolt 3 پرسرعت جهت اتصال سخت‌افزار خارجی (کارت گرافیک اکسترنال دسکتاپ)"
هدفون,3,جک هدفون (هدفون و میکروفن),ورودی درگاه صدا,جک هدفون 3.5 میلیمتری
هدیه,3,فلش مموری ای دیتا ظرفیت 64 گیگابایت,کیف لپتاپ + ماوس + ارسال رایگان,کیف لپتاپ + ماوس + ارسال رایگان
وای فای,4,yes,Wi-Fi 6E (802.11ax),yes
وایفای,1,802.11ax Wi-Fi 6 | IEEE802.11a/b/g/n/ac,,
وب کم,89,HD 720p,HD 720p,HD 720p
وب‌ کم,42,دارد,دارد,دارد
وب‌کم,5,دارد,دارد,دارد
ورودی و خروجی لپ‌تاپ,2,"1x USB 3.2 Type C (Gen 2) w/ Power Delivery, Display Port and G-Sync, 1x USB 3.2 Type C (Gen 2), 2x USB 3.2 Type A (Gen 1), 1x 3.5mm Combo Audio Jack, 1x HDMI 2.0b","2x USB 3.2 Gen1, 1x USB 2.0, 1x USB 3.2 Gen1 Type C, 1x RJ45, 1x HDMI (supports 4K @ 60Hz), 1x Mic-in/Headphone-out Combo Jack, کیبورد:, Single zone RGB keyboard with Anti-Ghost key (99 Key), تاچ پد: Multi-Touch, وبکم: 720p HD Webcam",
وسایل همراه,1,"- شارژر و کابل برق, - دفترچه راهنما",,
وضعیت,2,نو,نو,
وضعیت بسته بندی محصول,1,با کارتن اصلی و کاور,,
وضعیت دستگاه,1,اوپن باکس,,
وضعیت سلامت دستگاه,1,+A,,
وضعیت ظاهری,8,A | کاملا تمیز,A | کاملا تمیز,A | کاملا تمیز
وضعیت محصول,11,نو,نو,نو
ولتاژ برق عملیاتی,2,100 ولت تا 240 ولت AC,100 ولت تا 240 ولت AC,
ویژگی خاص,1,"پشتیبانی همزمان از دو هارد, سیستم خنک کنندگی حرفه‌ای",,
ویژگی قابل توجه,2,سبک ، اسلیم ، اولترابوک,بسیار سبک | صفحه نمایش لمسی با دقت ده لمس همزمان,
ویژگی میکروفن,1,دارای قابلیت میدان دور (far field) سیستم کاهش نویز دارای باند فوق پهن برای مکالمات دو طرفه کاملا طبیعی,,
ویژگی ها,3,مجهز به تکنولوژی Force Touch با پشتیبانی کامل از انواع فرمان‌های چند لمسی تا فرمان‌های سه و چهارانگشتی,مجهز به کلیدهای کنترل رسانه، روشنایی صفحه نمایش و کلید ویندوز,مجهز به تکنولوژی Force Touch با پشتیبانی کامل از انواع فرمان‌های چند لمسی تا فرمان‌های سه و چهارانگشتی
ویژگی های خاص,5,مناسب کاربری عمومی، مناسب بازی، مناسب امور گرافیکی سنگین و مهندسی با پردازش بالا، مجهز به حسگر اثر انگشت (Touch ID),مناسب کاربری عمومی، مناسب بازی، مناسب امور گرافیکی سنگین و مهندسی با پردازش بالا، مجهز به حسگر اثر انگشت (Touch ID)، دارای تاچ بار (Touch Bar),مناسب کاربری عمومی، مناسب بازی، مناسب امور گرافیکی سنگین و مهندسی با پردازش بالا، مجهز به حسگر اثر انگشت (Touch ID)
ویژگی های پردارنده,3,پردازنده 10 هسته ای,پردازنده 10 هسته ای,پردازنده 8 هسته ای
ویژگی‌های خاص,3,مناسب اجرای بازی‌های سنگین و کارهای گرافیکی,قابلیت تنظیم مجدد کارخانه (factory reset)، چیپ Huawei Share، چیپ امنیتی TPM، قابلیت حالت عملکرد (Performance Mode)، نرم افزار HUAWEI PC Manager، نرم افزار Display Manager (Eye Comfort Mode)، دارای استاندارد ضد فیلتر نور آبی (TÜV Rheinland Low Blue Light)، دارای استاندارد ضد فیلتر نور آبی (TÜV Rheinland Flicker Free),مناسب اجرای بازی‌های سنگین و کارهای گرافیکی
پارت نامبر,2,MA294,BQ2625,
پشتیبانی VR,2,دارد,ندارد,
پشتیبانی از DCI-P3,4,100%,100%,100%
پشتیبانی از G-SYNC,1,دارد,,
پشتیبانی از VR,8,❌,❌,❌
پشتیبانی از sRGB,4,100%,100%,100%
پشتیبانی از تاندربولت,5,ندارد,Intel® Thunderbolt™ 3,Intel® Thunderbolt™ 3
پشتیبانی از سیم کارت,1,دارد,,
پشتیبانی از سیم‌کارت,4,"✅, ❌",❌,✅
پشتیبانی از قلم نوری,1,پشتیبانی از قلم نوری ASUS PEN 4096 ویژه ی طراحان گرافیک,,
پهنای باند BUS,56,5200 مگاهرتز,3200 مگاهرتز,2666 مگاهرتز
چیپ ست Chipset,1,HM570,,
چیپست,2,"M2 Max, 16 هسته Neural-Engine, 200 گیگ پهنای باند مموری","M2 Max, 16 هسته Neural-Engine, 200 گیگ پهنای باند مموری",
چیپست مادربرد,1,Intel HM670,,
ژیروسکوپ,12,دارد,ندارد,ندارد
کارایی و رده بندی,2,"گیمینگ, ,, طراحی و تدوین, ,, طراحی و گرافیک","گیمینگ, ,, طراحی و تدوین, ,, طراحی و گرافیک",
کاربردهای خاص برای محصول چند رسانه ای,1,شخصی، بازی,,
کاربری,221,"برنامه نویسی, تدوین, طراحی, گیمینگ","برنامه نویسی, تدوین, دانشجویی, طراحی, گیمینگ, مالتی مدیا","برنامه نویسی, تدوین, دانشجویی, طراحی, گیمینگ, مالتی مدیا"
کارت SD,1,دارد,,
کارت خوان,306,ندارد,ندارد,ندارد
کارتخوان,1,دارد,,
کارتخوان SD,5,دارد,دارد,دارد
کارت‌خوان,8,دارد,دارد,ندارد
کانفیگ,3,i5 - 8GB - 256GB SSD - Intel,M1 - 8GB - 256GB SSD - Intel,i5 - 8GB - 1TB - 2GB
کانفیگ اصلی,102,دارد,ندارد,ندارد
کد,1,8638.0,,
کد ,1,6800.0,,
کلاس کاربری,12,"گیمینگ, ,, کاربری عمومی, ,","کاربری عمومی, ,","گیمینگ, ,, کاربری عمومی, ,"
کیبرد با نور پس زمینه (Backlite),6,دارد,ندارد,ندارد
کیفیت فیلمبرداری,5,(Full HD (1920 × 1080,(HD (1080 × 720,(HD (720 × 1280
گارانتی,14,6 ماه گارانتی به همراه 18 ماه ضمانت خدمات آ.اس.پ,1 سال,24 ماه گارانتی یکپارچه ایسوس (سازگار، حامی، آواژنگ) + گارانتی حوادث غیر مترقبه
گرید و وضعیت,2,َ++A,++A,
گرید و وضعیت ,1,A+,,
گزینه های ذخیره سازی (نوع و مقدار),2,1TB M.2 NVMe™ PCIe® 3.0 SSD,"512GB NVMe SSD, 1x M.2 SSD slot (NVMe PCIe Gen3)",
گواهی مصرف انرژی,2,"ENERGY STAR 6.1, EPEAT registered","ENERGY STAR 6.1, EPEAT registered",
گواهینامه ی دوام,4,استاندارد MIL-STD-810H برای 20 حالت کاری,استاندارد MIL-STD-810H آمریکا برای دوام در 12 حالت کاری,استاندارد MIL-STD-810H برای 20 حالت کاری
